0,1,2,3,4,5,6,7,8,9,10,11,12,13,14,15,16,17,18,19,20,21,22,23,24,25,26,27,28,29,30,31,32,33,34,35,36,37,38,39,40,41,42,43,44,45,46,47,48,49,50,51,52,53,54,55,56,57,58,59,60,61,62,63,64,65,66,67,68,69,70,71,72,73,74,75,76,77,78,79,80,81,82,83,84,85,86,87,88,89,90,91,92,93,94,95,96,97,98,99
1.5850142661367004,0.7309772994975658,-0.9386513209364522,0.2102626302893856,1.011575282234989,-0.7023662885987149,-0.43858598397243487,-0.29513736034621374,-1.1149526618112882,-0.894068025037249,0.8520535343659682,-0.018170683542460948,0.7710375897489901,0.6230236925944642,1.3433957382419777,-0.9778946010208749,1.5908153961248654,-0.563921199168333,,0.11146565967836466,-0.7762691173819367,1.3711126295575515,-0.85321564794744,0.2230459784679745,-0.639728654656708,0.4517608306871343,-0.0879029263247408,-0.933505696104754,-0.1966352543421384,0.3283680625336503,-0.7568019682388788,,1.1019432929047999,0.5002637746337919,-0.39455123101120104,1.1453663060875938,-0.0003034953357190229,-1.794314124517258,-0.6256480556862642,-0.1705582920788381,-0.45223427818502315,-1.2462816581148417,-0.8412983316521584,1.0903306599413625,-0.23472930079647683,-0.9217881279400147,0.02486956346063993,1.5441921729125652,0.2888338978938608,-0.6566069406801651,-0.8398789093386985,-0.2267401397608992,-0.024794685890375347,0.9904380143842679,-0.23923650675498867,0.035595922377852585,,-0.0798467309992101,-0.04426828759108646,-0.18252876394689582,-0.6791732218116329,1.3770635663698834,0.3517119500913036,-1.5403638972851128,-1.4957374368768446,-0.16019747169319573,0.8818444673712958,,0.9933023824155228,0.13382270560676912,0.7267462741350573,1.4934316498242062,-0.5272455113528058,0.9992206607861883,0.41808479570470086,-0.2893555984093972,-1.4326065394839782,0.36651813556574964,-0.07431983347176446,0.48928357536815154,-1.2764020963865,1.59925274037669,-0.5689268984100418,-0.2525223225385964,-0.7677938367118258,-1.2582151565761683,-0.7118524370005811,-0.23537045015902655,-0.7935946390895386,,-0.6752669097819964,,,1.0838513326495103,-0.5602734592898521,1.2488635567228377,0.24291485257563886,0.7380130670598593,-0.9850869025027083,0.6563580488542703
0.9297989411783542,-0.14138036569479573,0.48680423565187037,-0.2599634329073076,-0.8238890955507865,0.3396069408284015,-0.17714331836455488,-0.2875036941322297,0.6737131322710362,-0.8595499772781846,-1.924830587948946,-1.1182941572606782,-0.5169292912256083,-1.2783425229616319,1.8504642014653365,-0.9964542433883533,-0.7961415396215205,-0.19790611934967126,,-0.5515072461205951,1.2445187145188614,0.29146482087711395,0.01105723985069655,0.23772610104992717,0.3293121968500527,0.014265901453334368,-1.679074420265657,-0.5903596242503335,0.36074685081790514,-0.5086790169462266,-0.7691898254019982,,-1.2923732550422509,1.1284286221958741,1.219952411231442,0.5996429539495532,-0.9363318188498724,-0.24744773003273246,1.0528929590027818,-0.15606960058665909,1.6958172447885311,,-0.7783442976814823,0.14050093203230446,-0.24041541856365328,0.06753399986312476,0.04161787543030643,-0.6362951963609434,0.7263744106281365,-0.9831052939226994,-0.5036405968260544,-0.5837714807012472,0.39419476959572536,-0.9648149653661656,-1.9807620201667602,-0.1418972518856716,-0.05760736725807058,-0.24263733707778445,1.237590945965619,0.8347119835693609,-0.14093334092327545,0.9095466848009186,0.9322020389750647,0.771452311239392,-0.25835285352143683,,-1.9292640843593236,-0.3288717429535253,0.18664054033161465,-0.8213353067527567,0.38546258400359185,-0.47227574100141206,0.2484445582306603,1.241633519582754,0.7913435199287006,0.8304758738481137,-1.353220186021266,0.9536199490591502,-0.09056032314015681,-0.5527286260959281,1.2654970698964836,0.46230156273299966,-0.6674150982606122,-1.0626619795022165,1.4254682180133855,0.42965939491416183,0.6293148336328315,0.950657213616105,-0.13543608728159165,-0.5514995759316824,-0.8176924914508106,-0.645254455372024,1.0487586342621915,0.3219847486867952,-0.25153107384278545,-0.9534567349466793,-0.24673707651821117,-0.4730527358966162,-0.587006313334857,0.1957695716169509
0.07415147115131654,0.45155009003814317,-0.4390980275273254,-0.7501990441398825,-1.3551712393060937,-0.03698834469978506,0.4542150045993213,-0.6646934856194298,0.2126357725030992,1.2972088542348987,-0.3045126792828884,-1.0658026556065208,-0.16099798280760713,1.1225230024771546,0.8116999054279672,,0.08627389642211636,1.686934838493044,,-0.47706950949589416,,0.4415119984551704,-1.6751907851330066,-1.2306076609768737,-0.4640041228978354,,-0.6694533774477257,-1.8144739990833245,0.5317049094173741,-1.1060387416411457,0.33335543900893405,,-1.020770838159483,-0.8746896043884501,-0.9427810395951346,0.5061024196597541,-1.202093003671746,-0.11072559388701973,1.8471844173748229,0.3768671295807492,-0.09972914746382153,-0.4047915096660286,-0.00019354409912265705,-0.28351288759027793,-1.4485143459199121,0.7608932892244503,-0.43526784931337004,0.8058082273940341,-0.596738145062541,-0.13694825798346386,-0.5501916704800898,0.43236397469327037,0.18532858154137843,-0.35223969080483636,-1.0985054033664916,0.15189782597177975,-0.4204616820801212,-0.9068828940245598,-0.2140293224699272,-0.753063570630483,0.4280207308480884,-0.08363291242774981,-0.07383253422823337,0.40507033561208244,,1.0493671517168857,0.8885406199837815,0.5259170464243083,-0.9199385489476208,1.3881546387184107,-0.6624439241366995,0.43794787441406974,0.29106239470746714,1.3083335796957485,-0.9286222000544956,-0.6003099881416974,-0.06834739360233857,0.9436757399183817,0.5573548875137329,-0.8888705798845157,0.01073758005395494,-0.287312107007056,0.18174751948014473,-1.0360709140964486,-1.111652310882132,-0.908567188955353,-0.22573339792923605,1.6862525166184417,-0.49849678625402477,0.7423116949225006,-0.08637200724989748,-0.2651833453208019,-0.6905889724200848,1.039214592824998,0.6943457425347594,-0.5923205107597731,,1.0674529394234746,-1.9893473592616986,1.7125547115771365
0.6567623029908485,-0.7720530150254605,0.023635598913939317,0.07096294259052989,-0.41018073755093154,1.3198384459389132,-1.2655371822682926,1.118950957176663,-1.0036066261952874,-0.567348641792026,0.03335295859047214,,-0.5687230288001455,-0.13205775342029738,-1.2481589600979799,-1.0008229616520468,-0.45763873462760535,1.1832839294790407,,-0.9731890979938559,,,-1.906368488134538,-0.22908025224575423,-0.07673459998891523,0.7547727678262199,0.397050384693012,0.1428408058401326,0.6826006758566187,1.2731142831185935,-0.9921624742320918,,-0.8448550838171058,-0.7754067970876051,-0.18287346748663744,1.7112048200367402,-1.082688947917066,-0.8161854744447289,,-1.4456830030602692,0.31566659897664406,-1.1188234513488415,-0.014385299753217756,-0.1756556686852964,-0.5670467339308001,-0.6538023310982647,0.477659535013787,-0.5688604467122607,-1.3732107737844403,0.09432863839459314,1.9970548852114671,-0.8138620418948457,,-0.07272408665475456,-0.14199831251214667,0.10233980502451752,-0.07604072532088361,-0.29410086683933656,0.7381067766003002,0.21549549409883498,1.537750857251444,0.006604236192140932,1.363766858966232,-1.2035987730083526,-0.26003922058794154,0.3650087267792925,-0.06796127783779515,0.6316541157596818,0.23554435702863838,0.3177092907906689,0.9464068946284914,0.5607299554141757,1.6786421363730089,-0.35630912645468205,-0.40096863112973935,0.734256678401415,-0.23328162062966631,1.0710115799875004,-1.1305709512494695,1.3921555545837843,0.6811395166198405,0.2986254599433264,-0.8815388935854623,0.5323129067571181,-0.3440761605762242,-1.3819349598990227,0.06626348715051637,-0.05466867400267928,1.1357987462253158,1.1011119081651861,-1.4943870552402516,-0.7524441606384408,1.3703010355338903,0.14238857120315362,-0.4572155746489012,0.2334507370842505,-1.242121414071996,-1.0509329784388748,0.48976937462523684,1.1570983693346748
0.5222617469746829,-0.5799357261570102,-0.6565323609383711,0.07331760611698215,0.20081731277427248,0.4318942769185912,-0.8190891129269725,-0.08450249505264852,-0.047102661240722786,0.5740088374251252,1.0353069966048047,0.7647216873850916,-1.0686894050933016,-0.036855635854960316,-0.8655169430367831,1.1834836061786276,1.000534418406976,,,-0.7490021748993182,-1.586016356553184,1.6116559429573807,-1.5385074636655987,0.2802653791103135,-0.7661983895797025,-1.8344280009711198,0.361974851751179,-0.8465197158557157,0.502701711695802,1.2772137400049328,0.17810932884698866,,-1.623590624391393,-1.29815071403758,0.658587263708982,0.43043829748412626,-0.131183579045451,-1.4704175745937391,1.8538085781188152,-0.26903750814276,,-0.6314643064117353,-0.6224307604555455,0.5585905610438867,0.8687580923623466,-0.893591747774831,0.021984391879879654,0.00998654833331461,1.3427529732195405,,0.15191822108048875,0.6606290257390246,-0.19086518215252338,-1.8362562850321065,-0.28985002022432,-0.7189855007083985,-1.0092745664134017,0.2727923652640425,-0.26673138707895977,0.019974457283558494,-0.2284190638775402,0.842567809476419,-1.6290846254874078,-1.2106275873745358,,-1.5166963330388656,0.6013879430672087,1.6457272645716694,0.5846433639023827,0.46633443505501043,0.6832950943777674,-0.5844805658989849,0.9759018419185377,-0.08306248860764709,-0.05528556651158626,-1.106062479115217,0.27806069085217633,1.4964444686330367,0.860137363449483,-1.3005529586455349,0.053008144868014306,-0.19060910049434968,-0.6146512279816889,1.048992990556799,0.009683924227338292,1.1447415678327824,-1.562216996806066,-1.0002050558239715,-0.4745145156428606,-0.2646986149424379,-0.05087955874665078,1.0350399650454032,,-0.3560819038877774,-1.5213461978145217,0.531125595613938,-1.4304332452730064,1.8918547343098013,0.47160803963746617,0.07170900234097158
-1.3364116208306354,-1.984707028957851,-0.25843798893077946,-0.26126366732536094,-0.06502561919490416,-0.4321756978855883,,1.0551439199885815,1.390157440054214,-0.2783069886321829,0.974219351573068,0.5932728598730115,-0.3330156925163992,-0.530276009968096,-1.2409661307433164,-0.4657432671895073,-0.6884648255872834,-0.7096817427788895,,-1.6269803443342736,0.16417357635270305,0.3811650018700986,-0.9895965513815335,0.005523026868314439,-1.3372903286394104,0.6657962339241288,0.391900173561028,-0.07792770293364536,0.8526916155966875,-1.4040559909510577,1.2788178421155814,,-0.5800175565337762,-1.1940808546575898,1.189677134773323,0.8828878480158882,-0.15999440714187932,-1.4657954051505069,1.311885375360137,-1.6638410184479324,-1.9364177582403346,-1.1980082338388593,0.5662024805430527,0.7780101047296026,-0.7815798583407809,0.46126151549683997,-0.5980174984164538,-0.7210650872763594,-0.4229623664269789,1.0036755853423607,0.11947374838562437,1.077613484911443,-0.3004830868426805,0.04867341098804001,0.982204816513962,-0.040454226064943366,0.010129078991128755,-1.2535531921821668,0.6102354991186981,-0.950357949335443,0.057165848072707054,0.2982702715584649,-0.7887056117350542,-0.9762380500573365,-0.4754592777266813,0.0469643161414482,0.8307031929505382,-0.7629205213129725,0.5241820736325994,-0.5224385207209757,0.780427762114357,0.749703247859366,0.1361379823415301,-1.2816114638311984,-0.09677926673641134,-0.008668599693710718,1.0478413083020552,0.0726385671004682,1.8746306676196292,0.2008931581240576,-0.04226213079476104,-0.6444700010743167,1.449910288817372,0.6209421671227123,0.5638754703391287,1.52022458665601,0.783574760407899,1.5140772346608462,-0.2280669404910843,-0.015116721952081589,-1.596045076023498,-0.9324423542265592,0.6363297358666442,,0.6913493233101738,-1.5898477022437105,-1.5643029510577937,0.6019826399408902,-0.5065192711571688,-0.9253657898961237
0.14151967976298674,-0.9678337843561127,0.6605813158327365,0.3180410164232493,-0.6401275727821982,-0.36606125615759155,-0.2031402839048864,,-1.1658057324642164,0.8942191478475575,-0.572206717080614,,-0.1221831834754303,-1.8499572089418495,-0.061909945115366904,-1.6919419556297075,-1.2171970881464094,-1.4895836555305773,,-0.8770509592600737,-0.8192146768649509,,-1.499658296792911,-0.7839766380400031,-0.08395143380665837,0.6039967029683778,0.2231278595407528,,1.4946762227062926,1.2044314121450426,-0.06065940579719975,,0.8916018155653832,-0.22662805958803564,,1.0557584614180862,0.2251321114247282,,0.47038589730071934,-1.2670547785145827,0.6636415213328127,0.6614436370500141,0.1635530845848713,0.3589959365885809,0.35679871888956416,-1.7412073525893268,1.0589547335765472,0.07389731618616852,-0.22060067564292143,0.8066640271668071,-0.7914751888834205,-0.6360358488358471,0.35994026718734023,1.1025072817866912,-0.6529092213901208,0.640539820003103,0.5302083779882718,1.339518471904899,-1.449950434008948,1.0663648321220998,0.06522858857248331,0.10937188760365453,1.8884408837260809,-0.017393160463853016,-1.6849426934912952,-0.7067964038435743,-0.04779204786207306,-1.3998178824504035,1.2647781306899086,1.2067928454285635,-0.20151342386590268,0.7419126493267213,-0.47337152759831147,0.575251820483281,1.3034783951124405,0.15034900183854058,-0.8125413765337464,-1.2106702321438791,,,1.5446105721181362,,1.4328015652004507,-0.2288033256194698,0.3443370907664694,0.6887487404812956,-0.7030395135943233,1.716756028513301,-0.3309725269342276,0.5313505331147562,0.7708534494751789,-0.3981049563443609,-0.06252967217638851,0.22800644981072613,1.2188307953455433,1.4361709470403692,-0.7966886435725167,,,0.5241003372402415
,,0.2552380864706942,-0.480411632197099,-0.04004662414087973,,-0.09359586067203003,0.17206577189402097,0.09832960120890646,-0.8670200475666077,0.14933106514330788,-1.005916698061384,-0.7329268915485158,0.7525462138831499,-0.631739770063254,1.7476238886920714,1.477743499813572,0.04161277110027457,,-1.1653412594490247,1.183222279093322,0.02123563289092476,-0.09640007481092512,-0.05190187370427609,-0.9554406376502002,0.8844661866796723,-1.7777105659512782,-0.3284424103973052,1.4080310203093034,1.365740857422934,-0.41802393046289166,,1.0789904577616802,-0.29141819937077823,0.26345565710248736,1.4672726840581563,-0.2523054819821803,0.5168891769361154,-0.5129638154536079,-0.8608313988937071,0.06517932732491957,-0.35705221751852106,-1.1275254134639674,0.28709234859411337,0.5994969491691612,0.3020755237533889,0.8845218801172433,-0.4749579745968837,-1.0371799604578473,-0.45345729104737564,-0.20367181340098042,0.5692857802702737,0.02644228203212332,1.384370788310971,,-0.5207250666800866,0.256351917921587,-1.0987636623719463,-1.1885345546952106,0.8166873860186342,1.7808238906561957,-1.6925506638934005,0.9653145865793652,0.3732561600323669,0.029848950008918036,0.6107089755225058,-0.9089714242295815,-1.0906157728714612,,-1.6363943395200293,-1.0251803417767316,1.3786070277636846,-1.1048989015012494,0.9816158600659118,-1.3983150421563677,-1.0752742324277207,1.8640502373444705,-0.2488279542361492,-0.5529951639387579,-1.4273876468534097,-0.663898319087528,-0.7003967898573362,0.4752325583065454,,0.8513479460365151,0.3677841649488664,-0.3885760613383059,0.7908220896588233,0.527270105793905,0.0884439375108452,1.0701133199794068,-1.0060029479514225,0.8827805572247986,-1.669698721558123,1.0319219701559768,0.31441583538660806,0.47044735819642497,-0.4252868084568048,-0.5969946805690134,0.9765130709763631
-0.4281781118821363,0.7908181965909763,1.030926870148001,0.40637182165994234,-0.8069267280683076,0.40546338325228276,-0.3114346437803161,1.5923921600591697,-1.4326849739269032,0.8261822598862658,-0.3757493315225083,-0.11656362231612093,0.14465575808338377,0.18805231791339097,0.6672665231012838,-0.41028671478563267,1.7648676544583803,0.6003174758835832,,-0.037431494565303945,-0.034960720559128015,,-1.1660621255509842,1.505499307503307,0.3703550195934306,0.07405297786889282,-0.10801009526700471,0.6767261194431886,0.8398489864295665,0.5711381621673847,-0.22876425569557512,,0.014583880464398347,0.19539629087388286,-0.1668083295426626,1.1987686377341689,-0.8113592374700257,0.2981569802167534,0.4587418290799095,,-0.5316390981707869,-0.7991764984929075,-0.4978058095346468,-0.5072503066252901,0.6240274110019952,,1.3177337515329859,-0.9179580607898148,0.33151769548776927,0.9240580255499137,1.2907930473308913,-1.3585087591479414,-0.4578511299923524,0.41871773385909566,-0.7158662989093528,0.11131232356463484,-0.07406813065031864,1.618435084971697,-0.4754927633342882,-0.25833591477206497,-1.041508235706834,1.0398303518878491,-0.5115657068270654,-0.5064136933629868,0.9556600215032504,0.5967589714813718,0.24714393355482953,-0.08722359075376918,-1.5838888402280575,0.10494393496958249,0.9910656566992975,1.7062999134128918,-0.6442481613353145,-0.8496780820847719,1.0456441665492864,,0.0693702469095299,0.8249718391650259,0.4700680683554404,,1.2580950386800538,,0.503082513124883,-1.6864366845504817,0.1635227542595492,0.33045525668102477,0.7892056419557864,0.12665659436950244,0.25317773290088835,0.23992839186351544,0.21903133005203457,,-0.33676141494916534,,0.26570826752020904,-0.6800177791434969,0.20205222325802014,-1.6540227316430662,-0.7005130741245198,1.5450942492176492
-0.3944270720244307,-0.9873158691960354,0.8652935351837205,0.10090485817964859,-0.918376829204391,-1.184195814505865,0.5210269733243625,,-0.9165356307543059,-0.14035141536342932,-0.3950679942612546,-1.6958333300620902,0.226257242630786,-0.293774597666757,0.5634835410782773,,1.0221449268844545,1.4676633697193588,,0.7774316211746368,1.009266285395457,-1.3575209698420105,0.49091370291765357,-1.1561006259472817,-0.9074404435244814,1.0015345166111016,-1.1745472831079347,0.6093115857061648,-1.0642761858662066,0.676291019593222,-0.36540275322955373,,0.3799011589975854,0.3271617274389537,0.8750767128159985,,-1.1821119505023074,0.2543309094853577,0.7236045972570253,0.026467131497088306,1.8451897837000049,-0.8084406799896866,-0.05486077185755318,0.5132213056500382,-0.47796077011911003,-0.29468267342255816,-0.3240094022149635,-0.06472323568581305,-1.5981110689557474,0.2027928641725704,-1.63927515661908,-0.8221596850943678,-0.1218673378768437,0.9727565536481492,-0.5122742469403573,0.7422444030671251,1.6871493198371996,0.594564065647302,-1.0926777454106897,-0.08119878148226597,-1.8707295942379358,-0.7051273605779468,-0.5168403157971848,0.46715781748026136,,0.22879923132486327,-1.5346067230692846,1.581375806310201,1.3664569321100604,-1.5541725112619238,-0.5842972686381629,-0.11018384034379788,,-0.5900843149133297,,-0.5443170226745728,-1.190802101694364,0.9702246681359915,-0.22998346157609484,1.2523255609524173,-0.23319621924395206,0.8725586426655527,0.6704984337765034,-0.9637095383846959,-1.917572073392935,-0.23835013573854463,-1.0148888870969608,-1.5026458346187384,-1.6641293299871005,-0.1922494853126492,0.4231676195338368,0.09490468632054934,1.9272980094739818,-1.8536488774290243,-0.09360295426703041,0.6163875531028136,,1.0453730978901992,-0.6694625229312569,1.2237934414178848
0.6239649961785146,0.7151202713001164,-1.1053567437672216,0.0840604641321659,1.5960756388384156,0.36304243752583615,-0.5170995791064728,0.29668118347018346,-0.40379612294353256,-1.1756038056661726,0.8165979095936097,-0.6181094805191614,0.2065126004413912,-1.0721745057902106,0.5517980146220292,-1.9410686664172596,-0.629707525593976,-0.32119324454188386,,-0.33192265353376527,-1.10313648330726,-1.1092190344741193,-0.9471683137438064,-1.7357563820831763,-1.2643310142227395,-0.9735149517393086,0.4411338507441168,,0.871342306323001,-1.9366536774778407,-0.23802881373849852,,0.4121724062215265,-0.37092150451071815,0.6641032531978288,-1.0192115466264302,0.7414419263908955,-0.8766249958215031,-0.3481185583816379,-1.8164413254976162,-0.9206635334980341,0.3454541395166129,,0.38579287465600337,0.4390913926254919,0.22094459563230803,1.181275022916611,0.9199460079405282,0.10711993195759274,-0.3578640406210907,0.4764721634796067,0.5728891073235426,-1.254994897466359,,0.7973241363827269,0.7955066730785926,-1.82288584139564,0.7402876273504139,-0.7417179148172443,0.587825613057706,-0.9230274113855739,1.9208126876307234,-1.821365619899349,0.9902732314521473,0.359000913091608,0.750564443830733,0.9199667794037482,1.232331441971905,0.6668919753355933,1.1367879222079464,0.8786288251663597,-0.12848093434372712,-0.47269264671856304,0.6260863421236612,-0.46489709445966565,0.7821484139247921,-1.0262696362001043,-0.5741081872567014,1.7225319104600452,-0.43561382495514567,,0.293995888158522,0.12420797234172853,-1.0824311029467317,-0.28429590297675866,-0.036042940948916066,0.40366445060733186,0.4216638823683977,-0.06898939273449521,-0.6428917203500142,1.598598057602065,-0.3803759700880651,0.65224554005995,0.39622161816661244,-1.27598166983397,0.8009613146608594,1.4246789999632186,0.844146313986021,0.7370678204551693,0.24043506732344516
1.1358797032205143,-0.3334482435120378,0.4515457940021946,-0.37324744614196753,-0.3437810495955011,1.8856418125592393,-0.22368496509307678,-0.1219795257140897,0.2720809197261556,1.4195209858557896,-0.821039285540066,-0.7062740620283897,-0.784146361212927,0.08787911957226684,0.5031105155250598,0.15454175925530558,-0.07927376635955101,-1.113667654916696,,-1.105227607846298,-0.5134716889082441,0.5142232639710764,0.9360912587124218,-0.6163234326210393,0.436737414838738,0.16483668855086328,-0.22572285414208149,-0.12209548217417675,-0.44925416738547364,-0.6788589081511467,0.7202964239036438,,-0.5928537076686895,-0.5708260574251592,-1.3462383619831346,0.4766328810734938,-0.00205885455480299,-1.7608464996010813,0.41484680047025047,1.1854222590106112,-1.3908760706771897,0.8683530105368399,-1.6372569128268648,0.7343721374582559,0.25738278903804307,-0.5680745812335287,0.5582937709721216,-0.8350498002083143,0.7174953060517548,-0.5046427976616841,0.03104115309397092,-1.1050006425511767,0.38135794520761684,1.054605258380854,-1.108544962443036,-0.26589271441190654,0.2954488167647963,-0.7379948763749452,-0.3038029480573839,0.11796317881277459,1.3713370541348915,-0.5503520445292822,0.6432683859230025,-0.9301152804193547,0.08122686398888714,-0.5005634604917487,-0.19419048923389476,-0.8748898406136304,1.1281046114937263,-0.3727958742443541,-1.0469151310705367,-1.4352435047258405,-0.07428618279200544,-0.37384998774334594,-0.4063539641477186,0.7395275642500918,,0.6609676225959464,-1.0445170520648037,-1.0462144820740271,-0.4832318948946489,0.32293020810605055,-0.0964032815475507,1.3096689154565904,-0.7820948249961551,1.5333902281872733,0.4083765927202277,0.5624465378158362,0.43968234897205427,0.1766082718972039,-0.6091142283387669,-0.8552244664638475,1.5387589002227264,0.6050754568684591,-1.1675234204532767,0.10477128501066307,-0.09302183310815101,0.36938550451781393,1.1834122375959093,-0.6615202262879352
0.7055127039908454,1.313270452938968,0.37843945524817446,-0.8833211975007592,0.10218764842963027,0.4109468151372267,1.1665930320291302,0.6616453589647198,1.3246062134319467,-0.6330081386715477,-0.17949876071075788,-0.6541913562161602,0.1546962264703295,-0.8533949475789457,-0.2569968065712137,0.10065918447393593,-0.8495522001507452,-0.18284087246930983,,-0.2861085878269897,-0.581301191562819,0.4148063462108165,1.0947741055688593,0.11054229308218479,-0.542404184836339,-0.4608266347819456,0.6222267141685119,-1.7810331337686003,1.848490804535269,-0.6446968014843474,-0.8238609446876932,,-0.2875923607605771,-0.06579071694753544,,0.29260317743038977,-1.1515333287770728,1.4597876659166265,-0.05138797914417631,0.7684086089712244,0.23261379322517545,,1.527309008954713,-1.1583246540790015,-1.2802343070063336,0.010926501402960661,0.3352911265368643,0.10109763450824709,0.64043220262267,-1.3361214324433248,1.6917947496623171,-0.7436645010204892,-1.009777544589549,-1.6045885033552543,-0.67026017697333,-0.804565399103766,0.4705331472764499,0.2830390832861191,-0.10599566350981024,1.8960628758610483,,,,,,,,,,,,,,,,,,,,,,,,,,,,,,,,,,,,,,,,
0.5367670735277529,0.6046390958375072,-0.22873615663914673,1.2769561446036244,-0.650675435947678,-0.2280650878742514,0.906830499683673,0.08477622139767162,0.7031127808575781,-1.185102871111894,1.296107182943747,-0.9839954065439115,-0.8511103776575875,0.03491865044457301,-1.6195827265423983,1.620393179883681,-1.0177883371191356,-0.63362827604873,,-0.7561436753046854,0.5765664098338237,-0.9066306837367364,-0.830039785733919,0.09687669393768068,0.770250152322153,1.0955258499010438,0.21946128591419764,-1.1177912270630714,-0.9698961143314657,-0.5262925624955535,-0.05707961011742636,,-0.029057123514088026,0.4177564494954352,0.7996938810631855,-1.0469460529126948,0.1243175829685122,-0.016905620219756428,0.7984643167352588,-0.45853669250454465,0.6394591498497215,-0.05363736205771584,-0.825032550297646,-0.1162892809285318,-0.7289064734183287,0.3612608164162373,-0.6850102070034748,-0.45279869308535003,,-1.2672146698081856,0.9880577477755721,-1.6731682506185699,-0.05465875863889878,,0.07403490168024056,-0.5526790367251132,0.5559885589661006,-0.46126768809276497,-0.23627847814668895,-1.121393312000469,-0.3804876487316295,1.5575607764950636,0.5559344061307765,0.9514271271738634,0.6692049918411924,0.13048089796568701,1.4483050477301829,0.7910383907625241,,-0.3141069951796071,-0.848084095623693,,-0.12577308074805682,1.4616285276141032,-0.34140731900315524,1.0464092675455232,,-1.7461252937999285,-0.621431600812766,-1.9081412107402882,1.4584976659327749,-0.5462399210060678,1.1886362633290837,0.14311532774191596,-0.5894722836699361,-0.07056141970212143,1.2590774886521265,0.9242384423799046,0.21938045825560235,,0.1006355407277762,-0.6856651179558703,-0.7133052908831189,0.8658562867357739,0.08489954947904882,-0.08894924021315825,0.061049334310552164,-1.0432378116008252,-0.4011015028119977,0.7885156909283684
0.5228954043740002,1.7041932008839338,-0.992556892887707,-0.19136714673241653,-0.7169478155805857,0.12737891359552855,0.28475359649345805,0.5572419836229314,0.7839445573322293,0.7176222539040109,-1.8071840350540398,0.8628967561086319,0.5783740728374306,-0.5749045372647186,1.0547361851767356,0.6252960625416703,-0.7516573553437386,1.5965934084406161,,-0.899749311097293,0.7570439981672807,0.22164575438220863,,-1.35052404755625,-0.10145715247697394,-0.03488142673765356,,-0.39227783015770135,-0.3580966217597361,1.455333988285935,0.5218961879171534,,0.8897649341217668,0.6152549855867036,0.3165207777490256,-0.41540293488859265,0.8935057654150902,1.0814005490011382,0.3758264202342225,-1.4893030594358623,-0.7145680512998326,,-0.4431286580188192,-0.28950163865098716,-0.702719121344364,0.45591866794538755,-0.1647953514810174,0.3365112206802495,1.3989067049288644,0.2001415545765643,-0.5292176648407079,-1.6109787234817283,1.06617294302332,-0.9675287471491836,-1.9035521864347948,-0.5894292587878345,1.3087616537289948,,-0.36786687990066924,0.9949726649748871,0.5831250943152573,-0.4859563335813854,0.18569389667524766,0.41790129773210855,-0.9226817475006478,0.42476983798016016,-0.34452857977558027,0.37957224948509327,-0.3441362536952941,0.13870905748613913,0.17322223611761267,,-0.018286183200175096,0.25132227572525295,-0.1157409619196696,-0.005547567171258472,1.0478853514456394,0.20610795487460962,-0.36155683413560263,0.4836962879046383,-0.3922448609130499,-1.2189907698730083,-1.427484136628364,1.0916342865598239,-0.10648605715395455,0.838015660710677,0.6114122861109597,-0.9321980288290015,1.0260435804768437,0.9598025200618832,,0.8928334592034045,0.012365450274054009,-0.9281353557730635,-0.49736843071002235,1.1484055571000613,1.013998629491028,0.4995069901654221,-0.37747119294468096,0.4581567651964183
0.19196917737037986,0.37974273756361715,0.7311655435881265,0.7444567218064833,-1.114237713420891,0.3700787247214899,0.9106959820423021,-0.7774762979114801,-0.10350848540721243,-1.0798871580138998,0.9214635798348788,0.16441222587473703,1.8702115919081927,-1.8385677048169111,0.31936778308303365,0.4056969918896421,0.7732632022305159,0.24124878472228328,,-1.1230795237819728,0.16689298119217108,1.4733494327838013,-1.376570694814833,-0.19170066879459763,-0.8137230656302062,-0.2396596175843978,-0.5311772503724834,0.7238473240576427,0.9797911891111185,1.0573474649259864,,,-1.1889115897570481,1.270379993207218,-0.5725463454105988,0.6595799462418117,0.9387143944688076,0.31483789190348754,-0.6477504509718949,-0.8431206384272953,0.7641778120394042,-1.642671610953885,0.2792242563935239,0.9490136645369939,-0.22666649933751534,-0.9529261929035798,-1.498897525170073,-0.7143116305486192,-0.4708639609671907,-0.1446007581132122,-0.6621880608661674,-0.9328508448683631,-0.9477290765770576,-0.5226015282776303,1.148098410875026,0.14570275752557324,0.6596959303192133,1.3574486363404317,-1.1686860302351358,-0.9061954264457288,0.5995484529014184,-0.3883254543445274,,,-1.0738735154325654,0.1030425829507178,-0.6010666402748278,1.159443387979527,0.44658885312854935,-0.03131389277831229,-0.347117234670806,1.9302817521226037,-1.2019474072171632,-1.9251105603288525,-0.08795497017835208,0.46034176923849146,0.12783156515430275,-0.03066014224486682,0.7948861382806524,1.2744449607606951,0.3524216414900554,0.06448752845212044,1.1839682556176068,0.9952179748051058,-0.34221452119148627,0.9167599824717587,0.34546940243335283,-0.4513429297697255,0.26742977745543317,-1.66966474833664,,,,,,,,,,
-1.007129635510005,0.037375735320623965,-0.9259368520175271,-1.0435486042193225,-1.137734788972877,0.17248400880524337,-0.28245848702499793,1.805960780234487,-0.33357270510696246,0.7048456213433806,0.8506123208252516,-0.7797273931195782,-0.4021767737901866,1.626100434662016,-0.9011282482976788,-0.9504233795610858,-0.5460758080732531,-1.4178932521576015,,-0.12735984496070954,-0.5144190295620727,1.0148398476037044,0.4671402217915664,-0.6614754220060941,0.11258664589770999,-0.30849936674483575,0.13024953900344344,-0.17456385825924808,-1.6718495717304471,-0.7375502494530024,0.27500479786603976,,-0.38837221182446857,0.5514043327611688,-0.8182392143174736,-0.4156274133723919,-0.026560240799587152,0.37124111796715714,-0.6608663001324844,-0.21108172208063186,-0.06478474725997234,-1.5212178104186813,-0.9025717706390538,-0.015676319440900935,-0.7773613595938286,-0.2136511839313205,1.041864720109783,0.624516106933416,0.5639805994369763,0.6538052670335044,0.6343648972967444,-0.7904905376730114,-0.7843782035334903,-0.6922567828417832,0.7317469798045457,-0.4419467526828336,0.31737921901145083,,0.17865762994060683,-0.43685827242353004,1.4677041685619479,-1.6525857841523401,0.09342471847163514,0.9377624845285323,0.5220515512180581,0.2516596430496362,-0.013673447470162147,-0.28865914382742947,-0.3454720412787045,0.8021980689192207,-0.03114262202986755,-0.750511446182288,0.21632952797847932,-0.7054150831157551,-0.22651120963651994,-0.9687192451327479,0.11188305019734596,1.4935287574643976,0.4274307505922639,-0.007042335659396829,-0.3664697294935508,0.6897655907827622,0.025056324867672848,-1.0938811044807948,-0.6633234363605525,-0.5701402671581439,-0.2774023351959863,-1.352263847662133,0.05044457333690302,0.545430229216885,0.10586154001112681,0.4181944912959936,-0.778238608202936,-0.17135526252710565,-1.1892170021005293,0.967249468751339,-1.4236393162126424,0.4025665997908462,-1.7509518456096669,0.1227032742525652
0.17058055862292146,0.03829687829946024,-0.4111536814847596,,0.7745318574973269,0.15667884158295864,-0.3973624815625704,0.5258133088253713,-0.9832291056771084,0.6956106840580029,-0.2688798400054642,-1.2122642607309755,-1.4116258047372434,-1.170422049681393,0.001672862973348755,-0.28241368398769773,,0.08029276257873894,,1.088716933874679,-0.7110978659312118,-0.5112407662766133,0.7308270125684304,1.204915525175138,-0.30635036928312,-0.11280540184830952,0.21870955337751158,0.5381304795543421,-1.5924434942333927,0.5649480361546784,-1.076339223577247,,-1.3000269666492372,-1.0132393398720216,0.32954941753816835,-1.3425075333078877,1.739987945236823,0.4327506474328923,-0.39697287534956327,1.0266326359712838,0.25244781154902785,0.8997870135508642,0.1809998880730648,0.3594182901214891,0.5471796925745478,-0.06032889954206821,-1.8422094322212474,-1.193842854758465,-0.9195633460769898,-0.34545637765003484,-1.914418194628754,0.6954290649607383,-0.18582262244675973,0.36492901075569495,-0.3138361196780867,0.11806998849748827,,-1.0062245126670104,0.7710038221526294,-0.3942692163502217,-0.2187340452251279,1.3757055100877087,0.886773971373758,-0.1377968737511906,0.733375726632804,1.3907710759988956,0.06854750665521207,0.17474341928492262,-0.8691139109629035,-0.14664498481263366,1.7400140124932046,-0.19475922161567022,1.5754130684369867,1.9951285628850437,1.2607176364960935,-0.5689783285169725,-0.03351746467666251,-0.9567505374101851,0.20792111688716156,-0.09754303475914032,1.2170713028428757,1.4158524266958767,0.6893054313092452,-1.8282795940566996,1.1862712886782627,0.25052457578921505,0.7612649149585416,-0.20945145897849757,-0.21629725654709656,0.517883031312184,-1.3552199471853188,1.4718727406036844,0.07924762553137728,0.40021160657939725,0.1266474737438064,0.06349884621084376,1.335141497015609,1.0131477252571834,-1.3851088778176142,-0.8808797046704658
1.4140096082005436,1.7061387547147924,0.6912572753694677,0.4366732609631407,1.2086005186342796,0.6920661440930266,0.5571450343262444,0.5337840760177215,0.25726309387807955,-0.7459873190413758,0.46838084386406326,,1.9974024866219207,-0.5709396388201516,1.6527919537422116,-0.01930947591538142,1.2568131689797928,-0.4251768264405965,,0.20767421040666537,-0.7761186421970607,0.48703068032776214,-0.7646103305303592,1.0339764641534748,-0.1251675040182744,-0.7394117256770495,-0.8598429611042798,-0.0542991090589835,-1.4433519973074593,0.06811926678267478,1.7689091275360778,,-0.07645661873398787,0.07122129610811599,0.520899869855772,-1.1630158691201713,-0.7370565447882018,-0.8209600201763417,-1.007800736358467,0.22275380067919331,0.08825724532390822,-0.8243399691889529,1.5000408476719982,-0.27855070905181084,-1.4791796032233067,-0.6532546009003938,0.10274006525476682,0.47186206153751314,0.8760233311076809,0.2896575853670701,-1.60153322318995,,1.0775666995280422,-1.3266485564932662,-1.5250827901162538,0.03757845005239441,-0.0861293931761738,-0.10296886874840044,-1.5208111269650273,0.7112699963781748,-0.7533709388053802,-0.6989201219249588,-1.4785197976292372,-1.072604016807586,0.8258525069299923,0.7221146515227721,0.740585785914669,1.0707631909035435,1.56037261105409,-1.7358614513880104,0.06142637828441632,-0.6990803448723242,,1.9961614709946374,-0.3424067538062968,-1.004348265388729,,0.12044322654057199,0.5761680746534644,1.8712985120881758,,0.624209315601122,-1.7026006894065433,0.8236695584726191,-0.5443186515751103,0.8858874983250606,-0.47323001140486287,1.5243285270819487,0.8110215792053892,0.7531290053590445,-0.13542582794586638,1.8793806474438124,-1.442015207310023,0.2706846125254525,-0.9659206157816436,-0.13606983940031692,-1.6105095836272985,0.8538120626617286,0.29373708672573434,0.11092304742557854
-0.5534884363980961,-0.3630572382849476,1.4164500347472033,0.5388123102625263,1.5051287748428253,0.9187064149141009,0.034820132211210116,-0.131978553194108,,-0.9847864965673243,-1.589678662644804,0.03892249569346487,-0.02036544625794366,0.6668542320799503,-0.5673374571841305,0.3994724465711355,-1.372510784574555,0.18709448548421725,,-1.3317007081374848,-1.1881846732343484,-0.9016045269235744,0.94969589740851,-0.3475426185387521,-0.19971878463738668,-1.8167857095240418,0.4665742521732935,0.10976133973267295,0.5929265584696839,-1.0723955192284262,0.6778911246360604,,,0.36275231179058365,-0.5179875208815735,0.8263481312954727,-0.5475434766034813,-0.06641445970149124,-1.758871009717875,-1.373266505072586,0.013046810352419828,-0.9865813535163537,-1.1095172496936485,0.15388231608599964,-0.4166464168325458,-0.195743697333168,1.8275436681155266,1.1249154035038338,0.19187817384693648,0.4594971479070805,-1.122386782442966,0.4387057947944897,0.9882877128894555,-0.7561622036027359,0.3014706770786492,0.5165843524358602,0.7699320801987768,0.34150993189150164,,-0.5301837084790803,0.30266857339159814,-1.561647059532188,-1.3472623018199656,0.562477696583515,-0.7080849497972402,-0.39425265063908926,0.7896849614386767,-0.9597799330425908,-1.265785396007112,1.7750501799726779,-0.6948109734989095,0.24353707466940128,,-0.7560607792083234,-0.47237862897648164,-0.41131765236521817,1.0203826632706288,0.7641082554363106,-0.6382712702286859,-0.1036404586887086,-1.6724409254221777,,1.2795789556946178,-0.48938030946211597,-1.740351046214582,0.3082489200822397,1.2298942669483106,0.25184536858292167,0.1401139131070537,-0.31029799327688834,0.351956561735664,-1.0246691773543988,0.937662527922777,-0.6790198927431552,0.8726955970337861,0.2013035162037349,1.7899857883607986,-0.5890279500289871,-0.7932829150689641,0.15137714742445696
-0.046435020650299315,-0.49953251825775774,,0.3575642802016236,-0.020754218129069576,-0.604124556714773,0.998707441266792,1.55154397125261,,,-0.33898032180589666,,-0.6696754225817847,-0.5945829046345273,-0.25746999265040976,-1.4574649309416678,-0.6388705301918515,-1.1837574718054897,,0.3689719070618158,-0.8918954174437667,1.5848349699098248,-0.2542004851182807,-0.8204899915155868,-0.3940566078094695,1.223133906662322,-1.0995111020077357,1.0928377016219883,1.2480853376292664,-0.28401558687482453,0.729462457967821,,0.07785756169309441,-1.0062325633998424,0.9657353676702768,-0.6849993458470797,-0.8152581596529163,-0.1993436084138062,0.22253016948914098,-1.338766929498455,1.5714854995877399,-0.22223500598885762,1.1289335560556117,-1.3132551615823265,-0.6334536117570619,0.9687151316447544,0.1295450249914029,1.3941782574020363,1.10654970003245,-1.1769265610474102,0.1659447827878677,,-0.6577788488847961,-0.8740249758572366,-0.17387765124482957,1.5090049289835659,1.0858173104428077,0.7522635236015958,-0.7984769709438042,-0.4573462361848494,1.2090730296468328,-0.9101515330219596,0.18424257952992235,,0.48756026434525035,0.09372288355379213,1.378899400407085,-0.15158082033423445,0.09806291410263718,-1.7270117343513134,0.14375376879745413,,1.3561354456001924,1.9896675470483478,,-0.713229149408702,-0.22331510534378923,,1.4604106805306487,-1.340100557613352,-0.47696238888134174,-0.10844987727921623,-0.48482829884870215,-1.1156965836857882,-0.8369958655500331,1.1666599492899645,1.3406824928092425,0.27177328196493955,-0.42517945056283857,0.789636316820123,0.5132432446025569,-1.1948526983557846,0.31381123167406016,-0.5040309175944224,0.9121408846943452,0.11079129824017497,-0.08323839048545571,0.31760959035196895,0.3838957464779259,-0.5345028744704355
0.36923974595680437,-0.03518146059077429,-0.6407103461917927,0.5696771503891723,0.8939228832958801,-1.4764441402531796,1.521258058668924,0.28161132311376874,0.800014207651612,0.9719116695887579,0.6901637335872781,0.9676224827403954,0.41467210625795164,1.688289280803753,-1.0947168214194811,0.6774944031365714,-0.9888485924142548,0.31912139784538457,,-0.6429120973137697,0.6874686448782956,0.7040412507226668,0.4577410685724793,-0.023573303178127062,-0.02339132306905988,0.02028776438819767,-0.587373051338249,0.2369034092356712,-0.14037475236638725,-0.2935890677331941,-0.6872952473954393,,,0.3480141507815028,0.4075711264751194,-1.2523799753954163,0.7025925323128133,1.4728245666572735,-0.9262997065263474,1.9197673154638621,0.6349697718066845,-0.04072168039841237,-1.9681303536551675,-0.47666724683253175,-1.0915624268903388,1.223590773716797,1.4405011267239802,-1.2612715367649123,-0.43198742096628495,-0.07658837371151142,1.397287362916114,-0.34083057183588983,0.12534004980784166,-0.7347656142135272,-0.3429364290017298,0.4018862524593204,1.269792077846031,-0.09736531481085092,-0.19989018949672022,-1.2000042234220947,0.6521419738534427,1.6592106122443953,-0.8272698553802793,0.2941357161467054,-1.0850809457865067,1.7444612872515282,0.32398208650953303,-0.011774886445951744,,1.0760112433531022,-0.15373702811735496,-0.04607640407373678,0.8032083541316853,-0.3310228571016159,0.33219663379951464,0.8461065283188507,0.501638168148822,-0.2533587527686898,0.16103789153712111,0.28841826400782067,0.20838226344679847,-0.08181709780770419,-0.9955960947905652,-1.546719125489437,0.3364834789349681,-1.3699935123281055,0.4700891020036996,0.7264003514853478,-0.155085190732296,-0.4249031681422841,0.7009214974766432,-1.6150616517991994,-0.5019075251725814,0.037084118220467616,-1.0528125709187959,1.4725519965382152,-0.5735845024760524,-0.5879183493483752,1.2735576030874918,0.8592631706076805
-0.4500163477091728,0.730968136461438,1.7502011336482852,0.5727431635881687,-1.4562908637293541,-0.26700510927477333,,-0.1056297967043856,0.9517210508094268,-0.2870707822271158,-0.5842784426842057,1.585968472213099,0.8415375137561097,0.686547284088877,0.6413502172840329,-0.07262724055847286,1.6765793670931597,-0.1343593163505022,,0.35390601054778426,-0.1817763653983483,0.49730742736436173,0.37769011558908,0.8671398296528499,0.9892903373606771,1.2776261102609492,1.4022813567762558,0.8167392442936583,-1.5553124246383447,0.6734060273780285,0.08808673866729354,,1.2870859195572681,-1.7198420910067498,0.5986929907208914,0.2480840153012676,-1.3370055411311395,0.9225067148020619,1.5411074469830301,0.34193965980957647,0.34076578138987057,0.04279138326212006,-0.23136000628422823,-1.378136320019363,1.0556800998401397,0.28107219204161554,-1.1827882969684718,-0.5247495321804343,-0.83149628679778,-0.7119200996332016,-0.23202623829580674,0.8415470604934253,0.30432583303487243,-0.5343404054464685,0.0542026202895148,0.6624693484884148,-0.42011853209678296,1.917090161302902,0.4763400774782918,,0.7609351852343398,0.3300816264013106,1.278169023951213,0.35159049202443493,-1.6038854989595361,1.6804893983140172,1.020291786202818,1.222948653452834,-0.2258768596845438,-0.20517661403831006,-1.192425242799779,,0.2421637629206355,-0.5868075853686691,0.3363338852755189,-1.19935693590054,0.5927362037899423,0.5750884017755425,-0.6489063532476611,0.25783561092367174,-1.4885655883605022,-0.7881675139846434,1.6597047963710805,-0.8219375582179744,-1.6493961614695216,-0.16560709533712625,-1.5285613084606466,-0.3507921179825471,0.04322402336977454,0.5552284183923342,0.15485096890337047,0.31552869196086974,0.08263931407059964,0.398869584718956,-0.9594700878971874,0.35387509717081067,0.66590471549424,1.5171306379886744,-1.6805839271685925,
-0.6760602139366862,-0.870090010636218,,0.9416897242685117,0.03550896354289951,0.6488785086961796,0.9904699310238417,-0.18774101197065685,-0.5901235867528183,-1.3946329081785553,-0.0008818813941776776,-0.5817359903041043,-0.6266676666636691,-0.8762048495427041,0.3883459728141707,0.9037508871763352,-1.2525596007645194,1.555982027057188,,0.6215222597875065,,,,,,,,,,,,,,,,,,,,,,-0.021693145672579954,-1.3781928601860087,-0.6295393888054507,-0.6989730828971563,0.18533906214016294,0.6153308798478799,0.9920418596369956,1.5158165448408878,-1.4993430228509796,0.11062308437530312,-0.5526998957856559,-1.1658603801839227,0.013161796086328451,1.1656068532125912,0.5844484221298647,0.16708718254747917,-1.2024180128303963,-0.1523433565946124,-0.24045279887080062,0.6593941462089976,0.5795906578128177,-1.0612446224716308,-1.6865741570489752,1.734771439448029,-1.185845178824966,-0.698678406778971,1.4210384173184671,-1.0941702567363993,0.18331648372143614,-0.07609530848840725,0.009513698428086468,-1.3428442667158271,-0.8504063046028172,-0.9543083368447265,-1.1777863346152622,0.4091702660398176,-1.3593190299945912,0.4782914100243625,-0.661808461010258,,,,,,,,,,,0.21355285616098724,-0.6906499096645031,-0.2597565400065682,-0.3705237644840364,0.7156029710902821,-1.0088613354356029,-1.6566081890398305,1.0314466028656082,-0.39365195886734217,-0.1930499470901592
,1.3344241181829564,-0.1712527864162893,-1.5034044399870403,0.1752155905763977,-0.9518142170863932,0.3591160980231668,0.5407208524475081,-0.13116381299771804,-0.7125631913281429,0.8437698098689936,1.907288950328706,1.4213741200782877,0.44721151218253796,1.5990914925464288,0.07679281718924816,-0.1750426082221133,0.6897700172772121,,1.0720249232036878,-0.08931734252365736,0.6304892062721187,1.3554003737896634,0.11941774752241824,-1.3362636916836537,1.019648123561471,0.4991742778134051,1.2199501507352628,-0.6822526590010852,-0.7856953867359754,1.4185766621045168,,-0.7626403597458691,0.8550776242425279,0.22339069306871676,0.2273932656111696,1.3333141933085015,1.990282138036851,-0.5083991023411638,0.10887963922362107,-1.3489447300653195,-0.4298531302676379,-0.6333895552236075,1.8157051153706518,0.34394282557359074,-0.26767131580360765,-0.3023867816337844,0.06355300975190173,1.8429844040331307,0.1675357635542773,-0.5585033832160219,-0.7325297219850689,0.569529523196079,-0.32605389128127155,0.23542171779549015,-0.6335947021955879,0.9964297933949088,0.560468005082327,-1.011481302016046,-0.8645678483751197,,0.13230263145521873,0.3081722112122405,-0.2776501688575268,1.5032235115934853,-0.46155616287664214,0.07095381524082535,0.018517766708370832,-1.772167111833169,0.30087869545440354,-0.043617817890196496,0.8367592858919439,-1.582510935214479,0.7547458319718757,1.5606055669922432,-0.2732056621847225,-0.46717398345666106,0.22440106413670083,0.1345834390974595,0.361866403608778,-1.7087448650615096,-1.8956387879917858,-0.753328138714324,-0.20631690441256173,,0.23138456916905883,-0.641164476749138,-1.1578075181679726,1.4860849105669351,0.08937920660594006,0.16992902181161806,0.8332966204180501,1.5538385805350154,-0.6260059131426545,-1.2273606340072598,0.16609043126405143,0.518541105488313,0.013895143525968915,,0.270166306047095
0.9524259437773417,,-0.532463920341943,0.38416491094987854,0.900407091814666,0.7172974252130102,-0.8192089074056962,-0.956163409753051,0.5636195216838881,0.10234984217217309,-0.25618699073828466,-1.4609095993018122,0.16705538589474858,-0.38190400859077295,1.6746562763821615,0.31382201697028883,-0.3502477481644168,-1.0320027533728515,,0.1352069851967746,-1.1822282494735754,1.8604531927885395,-0.12400958650095549,1.4471458787809195,-0.8419607938203792,-0.40272269923308107,-0.7948946883407542,0.24844424097276954,0.3240204727673652,0.5080261968299011,-1.4878452426790407,,0.20814262161018166,0.8321922847159231,0.11251955216119655,-1.9937631136297163,-0.33741485465467336,-0.7113257764070847,-0.5300044248166426,-0.4451363370189516,-0.4017847067658563,0.3154939906628797,1.5471883495246241,0.04721616643234426,-1.6284035074224852,0.129137754274569,,0.6482806537222101,-1.0577710929109214,-0.6373774841895472,-0.039564361139825706,-1.8660781308516012,-0.16754918521597523,-1.5590458942718446,-0.13948951851837516,-0.39035577174071545,-0.9047337118192952,-0.7500012006989523,-0.1377726058779743,-0.099606353272717,-0.8112316051779496,-0.5095290034617582,-0.04016141857620971,-0.22151197828965685,-0.37006693758110976,1.9453479193102095,-0.2934835351935407,-0.5134259585113528,-0.024520198893838024,0.4587259118393298,0.1447669934174972,-0.20931633411136535,-0.1813343674586733,-0.5949692959307721,-0.5583838464153246,-0.032923022872555135,-0.8516713697554834,1.4142011859712318,-0.3674679943949062,1.0675266626022315,-0.29113092211650987,-0.22856178584731185,-1.101091677688798,0.09325238449573826,0.6090408933047027,-0.026439935393456324,0.9360068582893125,1.3160799867561188,-0.444803341503856,-0.25829931410985874,-0.012123013120552924,0.03647053336022137,0.5713462934396042,-1.6452563215895557,1.3559222598737408,1.500355403720606,-0.5628314728354659,-0.8761055421623641,-0.26173846785348515,0.3821383161421176
,-0.6441819916317334,-0.422692507119992,0.6221031598047071,0.3867482414988728,-0.8738094803820636,0.5508036265105727,-1.5203988556782917,-0.3383022145516488,0.6035612971781382,-0.9311154301124469,0.2938822111141844,-0.2104654733014803,0.6344764337300602,-0.3741349762464478,-0.5866665309909621,-1.6727631215551313,-0.42988415352091525,,-0.6222073428524508,0.2740015580853885,0.05967466446050409,-0.36607027624975746,-0.431769026343399,-0.830671157878715,0.5666977137303115,0.9953483116596605,-0.2976320880930567,1.6419879330701186,-0.5878477076123736,1.520651018100454,,-0.7706004900650871,-1.2246853509274862,-0.6454407268655321,1.0516080627952682,-1.8448576912619747,-0.3568258327257527,-0.13954729710589414,0.6888256372913015,-0.1408854237626518,-1.0749568099491742,,,0.2388306696035014,1.604412940192731,-0.0357629778329551,0.057041165400221375,-1.345983238850084,-0.21079453361432546,-1.160299377018071,-0.469725282459929,,1.4256626638308085,0.44057209295105676,0.6296683343049574,-0.6928482702285179,0.6467689658500915,-0.5103770296812903,0.4315037869791264,0.8837584622118194,0.4929362185156392,0.34212272997507526,-1.6635641102464638,-0.20268451859354025,-0.27767037387877164,-0.35405897084954846,0.5454359394749735,-1.2980505797284454,0.8901848354382368,0.7655354446576521,1.067976856395251,1.8684005087404154,0.045001080338066365,-1.480150145031139,0.26129689953973007,-0.3071476937197885,0.7364379466320908,0.026578245047737637,0.8335273318797276,-0.16985843977768456,0.7966797252795819,-0.016754413843428857,-0.45584001802335816,0.6938544963112512,,-0.5862373839015944,-1.1124237377961512,0.5681167377991398,0.2368511239709975,,0.7601980881618461,-1.7533523631116705,-0.7303359416336639,1.3785723265099497,-1.9275800457229264,1.398706570832291,1.336010458527997,-0.025067355958515936,-0.01622374581202685
-1.5321242758781646,,-1.8156507546034901,0.18302684339551947,-1.657378297385358,-0.5445530073616263,-0.731478511333985,-1.1531922855446743,-0.1874888271117791,1.1550292762945975,0.09432128308040026,1.2425832641224899,,0.6181193956358938,0.4948230043588568,0.262820368129128,0.8507606181784533,0.4659432107108814,,-0.4971140086258009,0.45490049729826787,-1.0738557025062008,0.31452297863180817,0.036623240866546836,1.0503598700567578,-0.8111214281981654,-1.1405821692435338,0.6240292912124784,0.7322250279903368,0.5729117351101697,0.7402855986094007,,-0.36724133028398337,0.10890799336691562,-1.2572957198029806,,-0.03848914945928232,-0.7885866331737822,1.6245670962250698,0.6871216789889449,-1.5417320744096623,-0.8398652928938306,1.9898210470262185,-0.5381830343568027,-0.36234937536127737,-1.1141546889907354,0.7686882516253181,-0.16193309893227992,-0.831866523313824,-1.2563756838794904,1.0968695476328914,0.5276983484825835,-0.848039154909196,0.7322036709107215,0.73168710522242,-1.238849810919978,-1.0922136840686103,0.7899664865399684,0.13875639637093606,0.44991904386563486,-0.16532493581930446,-0.05044119496891304,1.2625259027717548,-1.3544424585925856,0.6554672424562324,-0.1122741488051151,1.2026619776578538,-1.4006984076621385,0.07652447464296747,1.9610403192606882,,-0.5620816872603804,0.18353710589255087,-0.189283032129223,-1.375209681819396,1.5795962585268073,1.3535634037537079,0.8466493309516151,0.6440834007262968,-1.0465597282466468,-0.14738155450342727,1.215675254987341,-1.5910072718884327,-0.7144647275376387,0.0876860526868479,0.3051729437330985,-0.09847377752304824,0.5309117045968964,1.197075115052576,0.7210740741720799,-1.6648173488883877,0.39013680437173465,-0.40708394609704385,0.7086999839620111,-0.06324599121558294,-0.8867085300007149,-0.5517179616235319,,-1.1633971655171762,
0.3167933970768789,-0.32348993126412334,0.2834362219245901,-1.5828704755276495,-0.0292491012346456,0.5307978123389272,1.2120037736440699,-0.7486591416690777,0.2780240369291707,1.5613414031496695,-0.378661100135929,0.06436787988488157,-1.2132733158165774,-0.0065414411307098755,1.522502321271586,0.7199466643677136,-0.06930082141504666,1.0314870339066575,,-0.5138324644470396,-0.7339838808709661,-1.5837030980045088,-0.9999047275972703,0.27898235647352265,-1.0865875173098865,-0.045079176475114086,-0.6051590545078073,0.11846602399548638,-1.2702610834860852,1.386078982374001,0.87581528424854,,-0.3615132096156338,1.1874545672755246,-0.1255656327759163,0.6740446788115051,0.23279954489153837,-0.3250212357706713,-1.5269759171162718,0.4017441091263702,-0.9277519679577682,,1.1782480916175877,-1.7597897512003595,-0.6487961313606597,-0.6259455740891734,-0.7277035631198885,0.31211743948441967,0.189016603638515,-0.4531135824587376,-1.1280601665727885,-0.4107137410131892,-0.3153429163845734,,1.1952093172520386,-1.6765688229959084,0.011472863444518387,-0.37128184099197153,-1.8737140320816232,-0.18711018245776498,-1.717450562467121,-1.4823921281296044,1.302169340691255,-0.5286830592155471,0.8351656801682883,-0.14121169186684224,0.6614250639163605,-1.6373456862295404,0.8613611033106041,-0.6120243114104387,0.48798086451958905,,,,,,,,,,,,,,,,,,,,,,,,,,,,,
0.7850168610555395,-1.7675756366173108,0.1992861497271731,0.719441809957099,-1.2543135824492218,0.43295869136130244,-1.2518032143547646,0.7945490024866498,-0.7926123460682415,0.069769929914863,-1.000385800067485,,0.38780254630974664,,0.509403304366043,0.9017527518554493,0.8988239549305891,0.9136290373944654,,0.2872079299418121,-0.9711607097556819,-1.1838964366592082,0.44380417017406837,1.1927706283655934,0.9406628390288753,1.8240539964916045,-0.6891463824507826,1.369256753803632,-1.2382525750782902,0.1289654177971389,0.9738025652603439,,-0.00306033675439607,-0.7626828493599485,-0.19741247624472763,0.38664287779392964,0.5246299864396604,-0.5361446050584849,0.7570457146933626,,0.3745101287623375,-0.6587966661743023,-0.299098118181918,-0.5566217507584693,0.4721793666191482,-1.7234040687120296,1.7808402641176626,-1.060981257095755,-0.2810262951143135,-0.4615593244811302,0.5660445282818903,-0.5964758416200941,-0.4371886024526689,0.36637944698400593,,0.5633195315090374,0.9294298044679076,0.1579439381140835,0.3055941956064261,0.5926908062217247,-1.7068028098097598,0.04603664036065579,,-0.15684051169895313,1.095507908277571,-0.3672300457339105,-0.8935573074188569,-0.8479894586664078,-0.4745414580758705,-0.2903914482134754,1.027319688241555,0.41889751105640705,0.9533075225483553,1.8646011733461345,-0.84167024505138,0.03570168388746072,0.8259680572010308,-0.6807854431684621,0.013793426436410513,0.15040251635868387,-0.0016245135801835572,0.28911891836851467,-0.4204134726881929,0.5480281285088765,-1.0251864948903953,0.9195737802714159,0.3662115870236922,0.13564231115996309,1.1627328342212322,0.462432079616233,,0.4980144787230138,0.5866536204239926,0.46175039516255184,0.5000387290965121,0.990199439709951,0.10000608391586108,-0.25907133473640376,-0.5290503652467001,0.34205194419489227
,-1.7288827208543807,0.8063725528733168,-0.8902001873863784,-0.6593034915642216,0.06434239615097231,0.8394355835377629,0.7788296522911111,0.10587169975671079,-0.032238817055883474,0.013206121323995616,-1.0044861011008488,0.8868779326550624,-0.6410842551813645,0.06527013303338439,0.09837824480842054,-0.06135478582446706,0.4476145544141702,,-0.49981741303325733,0.9589377258730646,-0.6231986228329024,-1.8437160440757103,0.08450523487923926,1.232131034905082,0.9269565632207081,-0.01721248023346254,-0.6128702755915231,1.350452819120558,-0.04332009505520714,-0.04863729939663406,,-1.2615260315422139,1.248336426225567,-0.14852621325917412,-1.3054162146973847,1.0458430643011352,-1.3184644654395596,-0.4350614093489367,-0.15177334324996708,0.5492225248121004,0.17291391135560052,0.2870568250061575,-0.756763035804615,-1.2895949780643319,0.9798163726466613,0.7983886454652395,-0.42237418833970414,0.3002803269888648,-0.8780749145696273,-0.15749964323720703,-1.333339404608566,-0.04440541163539115,,-0.16678360068493583,0.7821855829310272,1.3192471352935267,-1.1685198304789042,0.8327274019007228,0.4196437746150411,-0.7405149133992213,1.1248552169399035,-0.28860464429041627,1.4831313759855753,,1.8622390267736686,1.3925232792787532,-1.2589259196327918,1.6340622757914272,-0.21997817386993385,0.03190346015166946,0.6820267984810932,1.8586036071395073,-1.3998746798169792,0.22685899058950937,-1.362741556260252,1.0138999262942934,-0.6572168615702211,0.6089156748563441,0.327693566431569,1.3413777504969835,0.3359841410507792,0.6653919213020366,-1.2495209561746827,0.1007667959363878,-0.6366676328332849,-0.8691599320986152,-1.620560009446914,-0.19759644910314747,-0.8995356325642713,0.2201044211457147,0.5593223476481285,0.8726065949550059,1.9991252998332871,-0.9650296162563434,-1.250223053515748,1.0282762334011486,1.8839433816510927,0.30172013496337297,-0.4530831241422379
0.5629706803525726,0.5029754576802201,0.2090281995666861,0.7126347934917435,-0.6580239250973215,0.04143007841476071,1.2110788803116792,-0.5513231446362041,-0.48883953690771925,-0.1941393238919119,1.2739128127060617,-1.6300052356058048,1.0047028295519889,0.04291152425341794,0.414902109314235,-1.036437054612144,0.11113241311776938,0.982664969100579,,-0.10331225412979718,-1.0604888842191957,-0.22017877388418527,0.14214857917028836,-0.10847589119193392,0.9507366510018741,-0.04882966082073634,0.3565313849609007,0.16203601723176927,0.21457248391291453,-1.2294635085573982,0.6466014057800284,,-0.5776807569591276,-0.25752349893997717,-0.8113413804681662,1.1439229786531708,-1.196430931483135,-1.9203858778353153,-0.6436864663093655,0.5828104854464675,,-1.7310929532219879,0.5335523375936182,-1.5213944246959605,1.012963508102375,-0.6698383561782054,-1.2922781225484476,-0.8427306080694632,-0.5848574941338519,-1.5736487430772674,-0.15980812081949952,0.1695837035468582,0.05944074926067938,0.6768341041762765,0.09270208516016593,-0.8080203885606578,0.14847257548378423,0.23469950065125017,0.5376150252541939,0.9606196743071862,1.5210127467178258,1.0835545376134292,-0.6892169628006719,0.34495749732461795,-0.30763003537154937,0.32795959235064787,0.5653141234579793,0.40526228383253615,1.0192519237069775,-0.35732806178754584,-0.5667377320910654,,,0.5624045212777916,0.638496393757981,0.43643003796198226,1.4549380901314115,0.844678630814296,0.520531393986733,-0.7712550089825756,0.4977056533560842,-1.3614296314530705,-0.2610018454520256,0.3338719995610988,0.1166585691274581,-0.2360851513126075,-0.9358545909446516,0.8063539990885725,-0.6256254635028765,-0.8615089927623529,-1.3298911999667802,1.1727065291763985,-0.5094138746529289,-1.0933118596407847,1.6149878749223958,-0.4033357688760359,0.8004575343714605,1.3586641892956826,1.4816391198570265,
-0.2129267520133202,0.13220061564020863,-0.28092797353338983,-0.33298228937700936,-0.9411788555002142,-0.5088210396263679,0.3194496331860943,-0.2138567816744849,0.5582890464870665,1.3368208907508652,-0.4750596290394014,,0.8665732602374628,-0.7771200283151414,0.26759830885343533,0.76985838807169,-0.09653743739585809,1.0203125619321836,,,-0.12296190344851898,-1.3973533981472095,-0.19152106375485506,0.7981518729721442,1.6724903715919517,-0.9287989646359683,-1.0399334097737936,0.7740252484592505,-0.7771830265959965,,0.13960282313263533,,0.8739552981902494,-1.5779025314068444,,-0.2559766274285297,-1.1344621848223975,-0.6431986549700509,0.943895913957793,1.1028614760783693,0.1708492213529071,-0.05057368741058327,-0.5825612494866204,-0.4349542204128984,0.12788746659164735,0.41322435903143184,0.7210725573763593,-0.7173488915402989,-0.5268925504353211,-0.03413551427291898,-0.5961507128335691,0.13553411024020662,-0.369870445338747,-1.9778863236388036,-1.2698366142550956,0.33264310242319234,-0.8876384252823357,0.4421597087350684,-0.12438960000381137,-1.6975129974245633,1.3996730448851467,-1.470133072034234,-0.6743838667266466,1.8405445183235318,-0.8009368554072869,0.024938357249312114,-0.3671713168185342,0.5127420280172101,1.138883645005491,-0.2555043544473838,0.6402490040029873,-1.730922421074662,1.1149543825257833,-1.5545644599155322,-0.19239649950839804,-0.3288434991345523,1.3179694046561254,0.28471305613177095,-0.5506259756143785,0.17402376069753892,-1.3199672592542735,,0.5420234348494166,,,0.8084737768287907,-0.16637967011860483,-0.49745359891982777,1.3101045639653686,0.29331586540765836,0.9700634540747475,0.7382045476227803,-0.3314756846376393,-0.24313460538323933,0.7680553989305455,-1.4470481330357596,-0.9039933664436859,1.0474374078788602,-0.8260735416465103,0.7936350463649524
0.1484488946193109,1.9136901901709893,-0.8590841155558469,-0.4526859076801835,0.5048815049227241,0.8954011031237264,-1.8387569439714782,-0.29305382713788225,,0.36801991018774954,-0.4014643454102091,-1.086794468066432,1.4066790864074008,-0.4949415293992645,-0.02573331316336439,0.011589102653661813,-1.4082234656997747,-0.40370491974121864,,-1.1220781615830653,0.768130789978782,0.3027395903360901,0.24490934542640636,-0.5339912823841269,-0.08073790024093702,0.08078128615773891,0.9265373442520779,,0.550982479252237,-1.9576654231495678,-0.8859578702312331,,-0.3705295022857792,0.8388965708718119,-0.42500449927304174,0.0932737750746217,1.5620907005605933,0.13372493187057058,-0.4647664630431641,0.2673644714817291,-0.5463631017561738,-0.9373685146065969,-0.02347012457604026,-0.9582021534971622,-0.6988125124200162,-0.7111248503096691,0.7021431632121512,1.256848478143087,0.6245898504132181,0.2511329865464914,-0.2311322752422479,0.28407486184630304,1.0857436387352808,-1.5053586262261909,0.3174982331625801,,0.5707499702745338,-0.7414776135280774,-0.22721803637271712,1.3721190973641306,1.3782494829416088,-1.0341971947336013,-0.682882960305758,-0.5670769500315991,0.1381429300086891,0.48903084382946643,-1.0674564507079753,-0.39062492279882244,-0.08839250970007181,0.5518141570758462,-0.46758469067021463,-0.6490024347414103,0.818937362211506,-0.23651553323927232,0.8393652514481512,0.4379468521550307,1.1354914326214853,0.9624378749037169,1.2488691434722103,0.9216242165703845,-0.567413629731895,1.4123237856773596,,0.26085532014510104,-0.16448962319379323,,0.6462765689375867,-1.1996859009121863,1.068258689067055,-0.15493155800574865,0.8539193307348202,-0.17337030959788136,0.9615759445999941,-0.2712966541839999,1.5662984457391285,-0.09257884334497013,1.1807093280427314,-0.4356060541702034,0.23624440119264667,-1.5582779512129978
-0.9986886401094468,-1.4551817185633178,-0.4656153946816246,-0.44381061847427866,1.3884909382816972,0.12755965659871743,-1.6280566539403971,0.5375821335316879,0.4176980010634279,0.06107598754022312,0.20459885135577097,-0.80224213080578,-1.958181909412552,1.464768406486119,0.7775902497106764,0.1293326066275522,-0.7031265339442098,0.7128518464990736,,-0.26602230272723976,-1.946496879802081,-1.0315351690992793,-1.5520377757866095,0.6469395672174174,-0.3206074335181188,-0.46057336536104393,0.38038832926500055,-0.038012030701312226,1.1264867601070687,1.9216841839683476,0.12647494827685216,,-0.6169938363168368,0.5776234818847023,0.6841769780660116,1.2403508231450904,-0.13109806658116968,0.7706610978310903,0.9901129735570625,,,-0.7116079071462745,0.8642163387123746,-1.119266296628972,-1.1407867993286063,-0.5782256505943963,1.282901682561906,0.8849599752475555,-0.5612039562962345,0.39280883323387134,0.4510257168072836,-0.1643023194093483,0.820619273464533,-1.7662535215329738,0.7509308804210941,-1.123692295506733,0.9824924114545908,-1.04912228816087,-0.08069649115563644,1.2352511150070171,-1.3676377745126604,-0.8728357118653353,-0.18575614189051745,-0.018600539334983502,1.6948409064139787,1.2838995100329451,-1.6168412644351675,0.8211563290129866,-0.8247385483657791,-0.7155614825802273,,0.402906660147306,-0.48794775429121423,0.3804313223066672,0.5493160358510643,-0.06837167386982464,-0.9774476584413354,-0.6635702716665784,-0.14651659100112593,-0.8585513084530323,-0.9050251484321767,0.7908505319247563,-0.44419199668798154,,-0.9469170242770905,1.07930769041571,-0.43407984200919647,-0.9307254087167542,-0.25349178976602876,-0.04092045257924911,-0.46767374104630727,1.2765299619123047,-0.3582930433355917,0.135714788242536,0.3209293791169232,0.36422687172038837,1.1546849285074632,1.4782277156913166,-0.671115948865753,-0.15174470390241318
0.8702008720638805,,0.6587338619869824,-1.6796066322640353,1.1587446020183345,0.27036388536344613,-1.8807168928089357,-0.2326707972353502,-1.3883650531661975,-0.6738578144237564,0.6415770357169972,-0.7789672043178449,-1.4813520974116763,0.27309053429150193,-1.4218475069409082,-1.6147529462237444,1.178575788101795,0.7592973454203062,,0.17695687997201526,1.4420559167888816,-1.6371538546127677,1.0882609163790635,-0.6898895875149331,0.22800897257908717,-0.5458026933274286,-1.0485885045414078,0.13199519159925224,,-0.3144878282658851,1.2628211676636323,,-0.16305843339387177,,0.5595216637644363,0.9181936340374128,-1.2656579611240275,-1.0183339339179052,1.0497479002206112,-0.37429114521360923,1.1153641769227003,0.28562831604330613,0.5997816184477984,0.403738824646442,1.2300660812731694,1.0423617842587973,-0.5544157869196898,1.1066036493378002,-1.998549482207696,-0.3561635207358882,-1.4469990581049534,-0.4284105761780223,-0.7473260221985589,-0.45139443806658136,1.142477470513063,-0.40002992080572114,,1.4769698814493302,0.4943112651371468,0.828554624905139,0.7723423609846273,-1.0441182747510138,0.5297481358031563,-0.4297711379136041,1.5581520237174333,0.8807059471194595,-0.47585775752508985,-0.8241566035742803,,-0.08216728788774347,-0.8048705130782209,1.0756355546570697,-0.8984311096130336,0.22782073842579245,-0.5987311623480807,-0.441064514785853,-0.24506422874927458,-0.341317588887662,-1.0236275307049034,-0.15106234488728715,0.7994353464288444,-1.1202226995878417,-0.6215179876454783,1.3412208151783105,-0.2551564331144534,0.07879756099795569,1.14321100806573,-1.5837060221115529,-1.6478758917703806,0.7248459131275616,0.4793808323163152,-0.3273854894693926,0.2619869883467182,0.6312339046691139,-0.16137092584183407,-1.342618768726519,-1.2933788714513972,1.7034861202979568,-1.63599436976298,0.4491790114753178
0.9984870797528783,0.9417345509848722,0.6289449559451673,-0.7260914837705689,-1.552129033810935,0.7854111086538378,1.9843939684804657,-0.37349168853692444,-1.712076331479163,,1.3007087457588902,-0.04396051106034928,-0.739802767298906,-0.03862162807616432,0.8624200535665097,0.5993594189417742,-0.6865100480829487,-1.5541388353573586,,-0.6132331559924539,-0.5943532157208451,0.5786767754425164,1.3769900738254113,-0.6417411938479017,-0.6416330050707335,-0.6729925373878258,-0.4564836312577263,0.43025176753813993,0.8368274538291635,-0.946758086090388,0.5056011400838932,,0.2758212991380036,-0.04850106822708591,0.005063622345365268,-0.6510018846406905,-0.23992880086069146,0.32547347017072475,-1.305964445480852,0.5198954851098613,0.49851790991890266,0.7520973286180171,-0.7527583921664571,1.216788809667851,-1.3462236093465298,-0.43437895060674714,-0.20002266106491914,-1.0056256052153376,0.3196288839955269,-0.5487769395720392,0.6479532539155917,-1.4249112086607254,-1.7301251762673497,0.30450455071832255,1.0911582869788188,-0.19157948047201184,-0.23471533485058538,1.1702262321337513,0.54464928176025,-0.07245562841142997,-0.6104955253680049,1.5224018257088767,0.3355192107154284,-1.037411544492887,0.5749049405980063,-0.5564372812405199,-1.143021913790801,0.3746392775296622,-1.062429308190692,-1.1372959421160493,,-0.4697583098583335,-0.5206763709150087,,1.3634253709891215,-0.31158023658172695,-0.8731185013323645,0.024923380537736982,-0.03115892751049393,1.2866731709628618,1.2899409157185266,-0.231978152464813,0.22826387943090934,0.9764849850445066,1.4536519354025057,0.9303763516811583,0.008361383646812829,0.975401380067477,-0.15833826649017352,1.033647327883905,-0.26285022811127484,-0.748425448438693,-0.8412236151361764,-1.2636942741781243,-1.473304650780467,0.33291962992110374,,0.29695134106845683,0.24172455092369965,-0.7361828297436191
-0.06270513364715274,0.5238255163518967,-0.7408147739144624,-0.9711061313793489,-0.388384622074881,-0.48827296889477456,0.3195886673221639,0.5395413274832692,0.5966578549891661,,-0.36134057778443357,-0.2625430190699968,-1.0113984451314526,-0.899449266789874,-0.41354668131626177,0.6562349969088366,-1.0376213388853142,-0.7680494421675702,,-0.4780396235418439,-1.2600178495685834,-0.9338787437049165,0.9765306670008397,-1.1429792116375348,-1.7758428582762098,1.0487015286046804,0.705448792411309,-0.2972512563947735,0.3316611035266714,0.6471470912324269,-0.9995394293617688,,-0.2907863865140804,0.025240213249474366,0.827425133282144,0.9308826096874452,-0.1928961039159469,-0.36448490605809813,0.5205496100915723,-0.5035729432717839,0.14798089784200827,-1.9442365242758504,-0.12321552574951052,0.030860473341212637,0.13002405197749417,-0.05263410473968041,0.23323722156449145,0.7078962347967768,-0.29411486807150444,-0.2398205071641286,-0.12891184441457745,1.279819379980545,-1.5950989171575785,-0.866409213094805,-1.0646929836073697,0.591599658222989,-0.7976540583648574,-0.6157028729661155,-0.2805546068930021,-0.18648915871669233,-0.08246707587487508,0.01656898284876438,0.1367913707079441,-0.10480303940707004,1.097989065638191,,-0.6837262475710634,0.949569683831989,1.7241814365480161,-0.921117147917841,0.036504514899023406,0.3279204749330661,0.5138133628733063,0.9528186108092878,-0.3625837456426634,0.8003026212654861,0.984279029137437,1.0924432610826436,1.2820068171280705,1.2271994918355102,-1.256502912000511,1.5706475030171065,0.6289810503206484,0.5835843024113142,0.6754085988177815,-0.7035101081998497,0.9207198181674999,-1.3697917932704438,1.671871405271721,-1.1748333718590245,0.09252098481520572,1.3163532097444,0.2792367595828225,-0.8534247472280226,1.1876887348681944,1.499385926447108,-0.2485423700066757,0.9847576090963173,0.43856558185938865,0.34489614466272894
0.6005792173216693,0.303407421061601,-0.838329225339887,-0.4295621980708772,1.8762806517793216,-0.23887463837573325,0.030160379672462562,0.2993887821934325,1.175966184186476,0.6429853927468696,0.8829473975043094,-1.080348068205602,1.0561200880987458,0.42896347007084273,-1.3409793523715365,-0.8119214823523351,1.42065640486828,-0.05326147935510062,,-0.06431615096042549,0.509533620824119,-0.9805030926720355,1.343341433926027,0.41872481565832714,0.10143053523348254,0.6972530447384053,-0.7518901063670943,1.1694823721189398,0.44100229016121806,0.04191250951273848,-1.040873985883142,,-1.599175449193062,1.3226767061921572,1.5068263713424013,-0.4994009635333302,-0.4200661533026668,-1.1391490629465222,1.688848661781912,0.932512070037934,1.4028349272568024,1.0149894308843213,0.3815957587911954,1.120580197449138,1.3835373382016083,-0.29130988958741066,0.09957133868954443,0.6075575780374691,-0.14354667495957174,0.8893589248843844,1.1414761465353072,-0.24861107789508136,-0.34277183303866476,-0.8065286910318751,0.7692743970450052,0.6376031941839562,1.5802431380572488,-0.6138952137396471,-0.10379348088079766,0.728961947840256,-0.9392827850656008,1.0292001296420368,0.39865096411744333,-0.6008569214182121,0.191783121622085,0.3370455537219066,-1.5857462639340028,-0.7499526349972555,-0.26907079305843384,-1.8826335064566886,-1.0475504317038062,1.1238618210285192,-0.7110733721237691,-0.7891347544954302,0.2888234230045303,0.11789371329468151,0.3231419210060825,1.0789389477797158,0.8840943320947605,-0.23055626292505188,-0.7026808698037398,1.9411326512640885,0.978509926293389,-0.23792421948309012,1.3352136816502116,-0.7202651964078745,0.15730957596201153,-0.29411123504441117,-0.43134448634648903,0.5738640963369268,1.5439626136971363,-0.2289324550669309,-0.49543253617098504,0.8092371583996164,-1.5111694017603687,-0.99426629693755,,-0.7616602294559911,,-0.4446952062374984
1.1371744612828372,-1.0337688516307741,1.0357940122537979,1.2035781716715903,-0.6532303945647524,-0.06420372926966136,0.20563059468360406,0.7481385073056723,0.26858411155767975,1.1929025045306239,-0.5807043038004035,-0.23851631609944118,-0.8700810333570703,0.08101860753853075,-0.27725721665874814,-1.7441182290751414,-0.2988948221958369,-1.2166012940078568,,0.3701310900120499,1.1099744930302617,0.44539340087640555,-0.6101124734946962,0.39672838471156835,1.6875701723116636,0.5733130000384854,0.7957683454523731,0.9952693350732347,1.6351300309070316,0.5535877403068107,0.33974682731445227,,0.7725171103852834,1.2276286976228423,0.12352212009393143,1.6741385762253749,-0.42143083886155563,0.5938648774066597,1.4309493961260658,0.10696330728496438,-0.8951029678180861,-0.8247172299466388,-0.33604783261325405,0.28554289547483497,-0.121093290436977,-0.9112020419486343,0.8499249378572913,0.4882186520447709,-1.1492060739509937,-0.6233303426073802,-0.405130801982294,-0.5527164040682179,-0.5999887352520601,1.2082405515345274,-1.339836780693802,0.7104395167275087,0.6394126419628958,1.0147278900276426,-0.466081790346983,-0.04787080148594764,0.782505183003225,1.7173459292736803,,-0.3374960479979082,0.24456880137265646,-0.124587255619192,-0.4210971031391115,-0.627089072724618,0.3888648839608216,0.08368335418295866,0.09691763745837753,-1.1784709733336707,-0.658839837625787,-0.22564812123612174,0.052459590064465864,0.04450341313865492,-0.7312787299658929,-0.411674171667438,-0.7763574783311953,-1.5461813126735076,-0.8405791136320563,-1.0706720009087647,-0.06333212684706813,0.0988611259913322,0.256394535948607,0.5418700555570044,-0.5148435888496032,-0.127237378985015,0.2301058131448306,0.48433506898539175,0.42788774620967496,0.6602676205961684,0.2894609852923134,1.559607965112099,-1.771356533059868,-0.24897643710520867,0.16433080941484116,-1.139014241356011,1.0066499356500662,1.0655681362698037
-0.8534071189831337,,0.6201759422958144,-0.29463215410619337,-0.6501744141467363,-1.8509064325866311,0.4090570406863274,-1.6971965885140432,-0.8261579947096085,-0.09498322067104482,-1.5032690734682466,-0.7458972331512419,-0.3831632970300929,1.77851306619405,-0.3595386393090673,-0.36256544517087247,-1.1644844228744833,,,-0.8636384028653573,0.1478848044165408,-0.5195431513624849,-0.6138299817390369,1.4807013935683293,0.7440509617198537,0.4458218932628596,-1.3601324928697165,0.48726359017642806,-1.018470225274512,-0.8602853515746434,-0.7357580333325986,,-1.282847283043177,0.46386325717296956,-1.9506271129855495,0.8668310583207544,0.61259734837385,-1.0547148741178236,0.5015634247472225,1.6971629313614,0.7578904528489143,0.34692117599102507,-1.6740422447669423,0.6003807666553834,-0.3841327195659893,0.8688879936307558,1.8072841629210152,-0.5416085887327089,-0.7580633628014427,-0.04957937632504564,-1.8103190393461621,-1.0928451476189465,-1.6843948511894122,0.6169245411678591,-1.5320592430939164,0.8548037957920896,0.5361835954498018,0.7672392498015603,1.2490711793989633,0.8811332002646461,-0.26124258079426144,0.33705038330714043,0.6187573337657608,-1.4344377804180444,0.6006602971655971,1.8370025576898745,0.6932907532607755,-1.8741138699767002,0.29369344384555235,-1.1289149036695207,-1.093198540205302,-0.16973043269531718,-1.283731022602523,-0.6717819619594809,-0.8150662927076007,1.3664918272791924,-0.43367712824602045,1.4974244266665335,1.9576533751279757,0.38664749609548527,1.5129839463965615,1.161093300026117,-1.2564730955464951,0.6504607889288959,-0.75943225988362,,-1.247238764858606,0.7663344415629599,-1.98693160481143,-0.3435273249367828,-0.008613401020445435,0.5177135289183692,-0.6529090471192824,-0.11601494583700188,0.8274156957932203,0.9365793678454647,-1.3949507551637272,0.4191404355301751,0.19191582796183157,-0.7421108967452749
-1.3513464624819174,0.44807522336473016,1.1052739418656954,,0.967382482102885,0.548330668406544,-1.005298052688124,0.34333252857251295,-0.19297448041893198,-1.1659666327493061,-0.798756237789327,-1.1690291229292702,-1.0307989909901294,-0.7063195863939475,0.5175346647518274,,-0.45020663555471974,-0.4386101852012537,,0.56000670438836,-1.2025215297374667,-0.32226229135506174,0.5128168738267012,-0.15065488147529046,0.23759336034710876,-1.1469353987482802,0.3328593494331731,0.47265541555064566,-0.5541118626420116,-1.5244646855445312,-1.2661420162436887,,1.3200071774786126,0.7461883413685032,,0.30180825941969097,-0.7754686146468219,0.41037193417944035,0.11141340247752174,0.941815539522274,1.5116806808617245,0.528041504066093,0.6275103149050045,-0.2855764464880472,-0.16898490653751305,1.0856629724783116,0.7814570551203875,-1.0786472982451496,0.7538536363760263,-0.09360654539421077,1.2434257686121266,0.17620321748375992,-0.6203346468790489,0.47369478030111056,0.5772885201255076,0.1924054750948774,0.6806155059455167,,-0.6215261019331213,1.25254504515617,-0.9930096157452317,-1.284960260235244,0.21460226611299849,-0.3828143382043722,0.7602684904889078,-1.843744568048215,0.3896443005597624,0.0574329512865135,0.47202559872716854,-1.3465423135404824,-1.820737204899389,-1.9909371214902463,0.733917383995197,0.14073356643445148,-0.42888273471351923,-0.32227000469041844,0.469803843596654,1.8798081090806658,0.4689381358350489,-0.7207715498756372,0.23769148780217766,-0.6033920540829253,0.7724322255727587,-0.37946517637240773,-0.30912012334421296,0.49637544646808907,0.8618548772818533,0.5115976634421565,0.23147999521146317,-0.6784883136928297,0.5738497925940336,-0.07759667970971985,-0.055994651942531955,-0.5063799788609779,,1.1683415360771925,0.37668872965356726,-0.6740222432907901,-0.26863703223839336,
0.3461862621762294,0.5091207307935576,1.853555524727805,0.007994947458806606,0.9530354161050013,1.0044108048260743,-1.7337821498266597,0.6406409551616017,-0.08753982595576985,1.2453295835380713,-0.09302183259925398,0.5738804179745449,-0.7083454165462033,1.965400264583408,0.5716492168166147,-1.2330572020989325,-0.46790864193711534,1.3287148618827034,,0.9928937486693562,-0.5878132937259242,1.1625012462441244,1.6486043636006689,0.5137591159893726,0.7659397428797997,-1.0205237823692295,1.1845629506164017,-0.9055570594074386,-0.9826310715467192,0.03433355744249065,-0.8153491718807977,,1.2248888138627425,-0.8744064533098395,0.5479011158861252,-0.7152982460812831,0.1227885640176836,-0.4099140373311577,-0.2703096349079824,-0.8452483174748282,-0.5470146393849499,0.5784879589044453,,-1.6797438586553004,0.4835818652068753,-0.5146123355635897,0.4120922119274294,-0.20046835980256578,-0.4332409977072352,-0.11514691446004824,0.16281009014394573,0.9834183284663407,1.4930147639040745,-0.4919232074633708,-0.3208968014065354,1.6243521640090517,-1.124365811595108,-0.7530902068618612,0.3510802687656983,-1.0296282376254633,-0.4566468508290775,0.617036557890039,-1.1349609828796676,0.6247520303984635,-0.9739702854250659,0.3870402263136311,-0.14077297424641672,-0.5098013133126841,-0.5120854367865184,-0.2195920508955625,0.6343264256196903,,-1.0908819022687524,-0.09813418704852842,-0.25983776603344655,-1.0607305058191454,0.03574932836926365,-0.4741879229562614,,0.6648725632041357,0.296506943118615,-1.244679322501938,0.8695571339906308,0.5365291984373285,0.23401458512527815,-0.6619404807560666,-0.4964198193392579,-0.3135020081974543,,0.6387510449268391,0.24559571891892434,0.4861113509001166,0.009284968591187793,1.94122523150675,0.08896077633282302,0.32359423183091346,-0.5802657869977403,0.6297468265256528,-0.9294577965883589,
0.7681944582504967,-0.360040889264467,0.017555283017633927,1.3860810072736085,0.5208824385941928,0.6556159146210201,-0.7139433709036163,-0.8590470858109752,-0.06623123966610726,-0.7692376127269316,-0.5598278496597292,0.512536532189921,-0.2625344336523249,0.20156490537980196,0.6410466987166435,,0.4818750512496668,-0.12354503760675675,,-0.15939575170835985,0.10620348678385952,-0.1352689787044289,0.6147357889564247,-1.2844859574071086,0.6125246006504786,0.36953739851099315,-0.5040005018652657,-1.413697111154737,0.4702354661899381,1.694988470965304,-0.80418925803118,,0.6227270517700315,0.5136267945311704,0.2690304279097467,0.05018871003104009,-0.9417811876921676,-0.5607501108616891,-0.38134372327472044,1.9977324096428255,0.09815156036166464,0.3317427013110475,1.2111374355149305,-0.8179015880530417,-1.104605903644657,-0.20091814941476283,0.40327526510349976,0.6235496605041319,0.5103684767333544,-0.7288478778864105,-1.184287534806194,0.520957394552852,-0.2775052619682283,0.7362087999021029,-0.17247882438027057,,-0.19487299303413444,-0.3071482254373337,1.2346962081921053,1.531212445793923,1.020889677370568,-0.6607839680517755,-1.7946673136736586,-0.3363005057894827,,1.3686087391058073,,1.0336752864340955,-0.5062134171246986,1.0134647096093448,-1.7976916635424687,1.6981641797904339,-0.8575669257245385,0.7928430200314297,0.7396194937994265,-1.5637372771400309,,-0.921701598528231,0.6847588869846762,-1.100547400409171,-0.8163219651691742,0.6741313793412563,-0.5733018887269113,0.5061022724547769,-1.5227173877013653,-1.0654493527432132,1.7878053150321491,0.004096921017018571,0.44233615137806775,-1.0164487809575298,0.5945264597156629,0.9159220210539479,1.399884520493723,0.8469139765150302,1.2789313793681696,0.2733086689699037,-1.0772006945292956,0.8382310446331158,0.8680652875170697,-0.04396609062338203
-0.10031753572741302,-1.1539160868583676,-1.8729844788913643,,-0.5334927937440991,0.8395965233842868,0.9731546287046415,-0.6040179224433679,-0.4389500353747933,-1.1462589986760245,-0.3896193808517936,0.03570319178256898,-0.7586683061702733,-0.7138081455747928,0.36898935783620446,1.9015589220381834,-0.637054076336235,0.29962433038050856,,-0.4826924761427158,0.34896618311066846,0.5633573602751485,0.14765973478184033,-0.7549073996197717,-0.4429700148949374,1.1099192073168755,0.08486260864022035,-0.9082164707989034,1.2178088228978143,,-0.2201388884462563,,-0.3374513028100922,0.17904609718844022,-0.43269691798426485,-0.30270223899250587,-0.26617585927207066,1.0714650917430435,-0.13947149018243196,-1.0588809232164746,0.31733874915543675,0.2899434780643409,0.08974278569119161,-1.9202562231359195,0.36709316314622153,-0.12506125876535376,-0.0005540709415577112,-0.41123078356423143,0.6669464463566754,-0.5015865338523259,0.9464685639232827,1.2673362622593605,0.741476837602054,-0.6774211171548737,-0.9848117243996853,-0.6781202021479241,-0.10677938557717667,-0.2791821844242136,0.05461155936938705,0.7029770901297487,-0.29483738092285394,-1.1774495350095864,-0.18871122313949612,-0.1644850847149369,-0.1233908700327462,-1.1208037498265915,0.7481252954694441,1.7372860240394734,-0.7386951213535622,0.9007326125758611,-0.2701384165926203,0.5538160953612333,0.8614270503389173,-0.23054142966923433,-0.3037543721243101,1.0772638477799499,0.47996164000351677,0.04529241962260686,-1.6523511803567725,0.47710377373717194,0.4366669027375011,,-0.07816445925815733,1.3669062424534666,-0.26302357090667056,1.2918207881201642,1.1792098009569811,-0.45634325113836005,0.4087550447476244,1.0203653851226466,0.28435096772578455,-0.701017458973413,0.14006417003870458,0.8009377926321924,0.514726053561304,0.9724315710391702,1.1219416047674746,-1.4870849909176067,-0.22271369666820381,-0.9256422165902326
-1.1937491140612875,0.5627353910451985,-1.261671574712128,-1.2103934342778098,,0.15962964026682,-0.8385188782172203,0.019272572317721916,-1.0897711802883716,0.1179113133698794,-0.8367444498867747,-1.333090880333272,-0.7248091658498774,-0.6445580487920836,-0.6511341043777432,1.1512927197311529,1.2418625495995854,0.06798269250838725,,-0.5014213963577803,0.18215865503467907,-1.0722907381211353,1.2672715200943978,0.7450226386732249,-0.03053058428677478,-0.41170079170940244,-0.7723048550626499,-0.8567013165330577,,0.4339400172336349,-1.250815232082175,,-1.1638844224546099,-0.6326998077722564,,0.5328418147102322,-0.930897543176918,-1.2055319003659783,0.6324400650775637,-0.6123700935489452,-0.9469781699424619,0.37867565913013523,-0.7133226949066794,-0.4350973496390549,-1.2200195986724849,0.16230895804569587,-1.963539840717215,-0.015990895600075824,-0.4193448930631898,-0.08818940834175591,0.3406339706206986,0.38694734923927704,0.3259924317459964,-1.1881449532869253,1.4217032499174913,0.6817153232371009,0.9288098596611261,1.2811278788252694,-0.737145259733825,1.7745441084144544,0.965860605976277,-1.4125262442120556,0.7715645451653758,1.8114229768139292,0.9279812801746439,-0.4822257424124101,-0.8642407125993878,-0.40933730432813076,0.5014616437325847,-1.3796736186911247,0.33778050450865976,-1.031248154434075,-1.8637429892332533,0.5259444040181199,0.6215378951126524,,0.6071419846036006,0.008937371279624963,,0.3720574190055868,,-0.7052736860312507,1.8057276984181692,-0.5227898306505051,-0.3289323235564759,-0.05433099388134394,0.0676206193722726,-1.7210556956088399,0.5493029583093793,-1.3619304283314684,-0.20206057753615125,0.29474464403684925,1.222213444204246,1.793468556063649,0.9977487401499303,0.5701700594804172,1.7102362894219856,-0.7519226793425895,0.6414451334696826,0.4262315859045607
0.2622619009436712,0.8116976750632409,0.2099998903586394,0.7830534726244466,0.5227195123845928,0.7929366477581732,-0.007335988847812306,-0.722006706321386,0.05035530029257961,1.0084860732746768,0.9110687458451058,-0.8893382448571222,-0.05705919836295661,0.3102789569187573,-1.0967750407707149,1.7536608884897633,-0.4695738351442732,-0.7977595708442502,,1.633653071997497,-0.9437539393234405,0.5910207603537635,0.8880871490014631,0.47464087200048244,0.6612791112563356,0.0018746849678114832,-1.1564963703681561,0.05279500495468279,1.1880920628494038,-1.3904192438727359,-1.5213836779488248,,0.5538085174052774,0.3665426090952923,-1.1032863529748234,-0.4645165503901833,-1.2132497702840057,0.7786669804131544,-0.9821529351867407,-0.815145226447605,0.9864916093603744,-0.1748165387543029,-0.5204521598245937,-0.3277306349459068,-0.1363644637431852,1.0946151629556995,0.5640261039771629,-0.13218094577972408,0.9427927960849868,-1.4362366620647358,-0.08046792898416653,-0.5738834067546715,0.3398800882189499,0.7684233032354605,1.164390467736865,-0.4995315891855233,0.952232692793705,-0.5341697797742778,1.3009369746932369,-0.03283052010186801,-0.4370663720255994,0.5513060204396507,-0.23220608662660785,1.2275404663066143,-1.3619140385928896,0.20918033616629667,-0.7195326245430357,-0.09417043721645593,-0.4622991135996674,0.5564778357157086,1.0045927229264056,0.3672580694878056,1.266265358978724,,-0.5675387118904189,-0.878418024814339,0.32450978509225775,-0.15778116007347825,-0.11258018732643361,0.5985084681838978,-0.41855102574967273,-0.7270974070295396,1.5288359230739064,,,0.0392019325416786,0.048144605995937846,-1.2499248188021892,0.4903085221657683,0.6414413732184748,,,-0.8848209907508525,,-0.23609785056787336,0.3064078645581279,0.6402704120387258,0.44708122051888405,-0.9493199921899949,0.5623538701410938
,1.0413414405423487,0.8951595887803322,-1.301722994162516,0.8713807855552773,0.25698276953553484,0.29509011792675904,0.6261064930008758,-0.11949198068011747,0.06531951843354819,0.44687467139649045,0.8934571285739233,-0.8741262739045442,0.07368817710002852,1.0516470581718487,0.8876031288903219,-0.0372549951284592,-0.32239590531503,,,-0.48280962520445375,0.9479858619576564,1.2886734131847377,1.021067416793177,1.408468748515547,-0.08515030675544384,0.6901510596399385,-0.36031000325751605,-0.4355120222327686,-0.6347757621345548,-1.2663286766143744,,1.4087605826609246,1.8355739938117168,-1.176419377132358,-0.5428777982581195,0.21211109069366538,-0.7703792096776297,-1.407380252451077,0.29501978423803793,1.8196381505075876,-0.4748930543184997,-0.4492276004177776,-0.8346873768025755,-0.22381942796282153,0.5128136869567151,0.4002791708166652,0.2514960343317782,0.6486255389579518,-0.03321397820337788,0.0665392026520023,-0.7782704669211704,0.23089991324556774,-0.7552631277764046,-0.6849064655495903,-0.3068331646220863,-0.7549775106890716,0.3384279876349456,0.7828007163761616,-0.3880678981294761,-1.8317816011605121,0.3310557000681593,1.0985759198466625,0.3311286548529708,-0.8143474259497651,0.9886751971626138,1.4135845482177312,0.9721370208288179,-0.5223283569120051,-0.693707343061898,0.07691160966576051,-0.8385108564018128,0.39052346573014435,-0.05774170997203133,1.0212554545455408,-0.4154048581570462,-1.5413861502335435,-0.1738751559410406,,-0.2772912007694686,-1.5308524993504016,-0.7933098603352,0.6663651463917095,-1.9346336862420441,0.839259213855749,0.16736547418006073,0.6679576241816721,0.6149544883740367,0.2922653801319021,0.8464967462166321,-1.287997813135737,1.0188110687489627,-0.27298444854660936,1.049288920881811,-1.6320539721497596,-1.061741055552161,-0.2475112727485253,0.1835309212663411,-1.11589707701225,0.2631678743952415
0.562568831320253,0.05704057750187401,0.04595208725040472,1.8947067554340478,0.6051050596270704,0.021340824749425818,-0.7990311817051908,0.07043838161873403,0.6566843932277412,0.31335258810666733,0.961267579117662,-1.8830610070982055,1.0138356419952943,0.3134746128417359,-1.4688594667212407,1.8279986682183653,-0.29637008394209563,0.2835625838051475,,1.3777498687227354,0.37833648653434604,0.9006583832013872,-0.11994905026859085,0.9919080125398839,0.4992495066813229,-1.716821747026536,-0.07077777690782257,-0.045275600956623537,-0.5137124895180684,-1.5299491559231493,-1.4605296668841863,,0.6418533446486614,-1.0010054735493148,-0.6741500412497469,-0.20167423044234165,-0.9160026826676825,-1.4611838098846515,1.019523502718814,-0.784677334698569,-0.4123019664808755,-0.012704759639668186,0.962039319917077,-0.4682820688603762,1.0041569284899674,1.1862685035245766,0.024281034304101,-0.5842636464857076,0.820061543136756,,0.8219792352399006,-1.8552364904022804,-0.5576910491010926,0.5926543731782424,0.8582384888034179,0.710992678657973,-0.10054194797436206,-0.39332619031352334,0.04810902705338194,-0.33073940321283685,-0.289234520553084,0.050481459689669717,-0.037760137399244886,-0.8695881781075665,-0.9346703976667258,-1.7537049182306874,-1.077947019664041,0.13573497715056007,0.1303703980470157,-0.42081857990818394,0.8031403866347525,0.9567970901157267,-0.4025938503503906,1.3929569518343272,0.005863579778516685,-0.7459360771894211,1.5072117678585792,-1.7487603603777089,0.5174978053316821,,0.7247772625837137,-0.68978798110557,0.38722710291448303,0.7382436367218058,1.2938621904089034,0.5986274998103225,-0.8134253272657982,0.0019488102014845134,0.7685546819435853,-0.1863459858062057,,-0.5212183525017222,0.9464460499844363,,-0.11589720820007136,1.560529045242987,-1.2066013451980353,-0.12689782056674823,-0.4357996341181029,-0.007976381206045801
0.0007096399733760319,0.3313658683902675,-0.08390183293007379,-0.6025077211575212,-0.748851517814337,0.10010340921923705,-0.22262501847290037,-0.5996170322281951,0.48672337789265147,-0.1771735100588619,0.6210777286390632,-0.45684790431111066,1.0195507600515794,0.9108532772450821,-0.43656246227896234,-0.01724516037960706,0.6455374997760011,0.14902929000068116,,-0.28865016723585185,-1.2878205679689814,-1.5130024900892651,0.30751943172150853,0.5669917983596612,0.8903806873276277,1.427576405033495,-0.4926156048847341,-0.16018535829238234,-0.36418344844595835,0.03728179517876051,1.048169456539539,,0.2170260409328333,-0.16958244953913243,-1.4128694387075744,0.33663530432022926,0.940554119521887,-0.2535342821045368,0.9469455672175617,0.12941286494440915,-0.4127057865198726,-0.025595048986578245,-0.38838314808301894,-1.8336143666631468,0.04194195477860966,1.1881462661260895,-0.09296382685897903,-0.3713885393583699,-0.06433864497517142,-0.1308249772112734,0.66329622121951,0.11057066201281607,-0.39886979831467634,0.6107067279665399,0.7651617451027186,-0.29596582475276983,1.7768778243692418,0.4562813912391501,0.1286768516736949,1.1463333223465797,-1.0020421902575598,-1.771140846017798,1.3480706608162276,1.1131753591383409,1.5773823993254903,-1.4979408747520384,1.599706897524335,0.5480027845272406,1.0977348450265947,-0.4783308505510333,0.638510378446896,-0.38482749489094936,0.2777693110849202,1.4859557611398064,-0.7693573537064337,-0.31100016752230464,,0.8442105472742132,-0.5885771399835723,0.23197479918984748,-0.8421127945150302,-1.7805289123376626,-0.004181836968922858,-1.6357208301225,-0.9207601349166031,0.6620093912817165,0.69701720948234,0.4296431314619051,-0.40877650172402585,0.6334920152692828,-1.0668756395244956,-0.6534556471789179,0.5996721196394569,-0.06886101046255524,1.415219704957234,-1.105111725832048,0.2854543485262944,0.30976513291192836,0.7189732432294268,-0.7461699140127791
